virtualMachineId;subId
002d2ae6-caf2-4a8b-8ca1-ce5c6c88a512;sub_1RidX0Aj6DZgTxNU8mVH2zm6
00433d3b-f921-4c47-afdb-13b5a21b2d59;sub_1QyDM9Aj6DZgTxNUOFpleNLY
00ab7476-ae09-491a-8f0e-bf8402a70640;sub_1R6YnBAj6DZgTxNUvEAq9NXe
00b740bf-8901-4b86-84a9-204a007c8558;sub_1Rt4C9Aj6DZgTxNUwbTHHa82
01a335ca-1c56-4fee-8566-526f4984c409;sub_1QIG8qAj6DZgTxNURqBO3qMq
01af5f1e-aef1-47a5-9836-6d802a45931a;sub_1RI0UWAj6DZgTxNU805MpAzA
02074f3d-24a3-4559-b538-149555c1a114;sub_1QfylCAj6DZgTxNUb7PgIKNj
0209e8cc-4d4b-4565-b418-5b3d879ec015;sub_1RgAowAj6DZgTxNUZVdVeteV
02264f65-fedd-47a9-8f32-eebc77e54dd6;sub_1Q8cs7Aj6DZgTxNUFk1PRCU2
02b5eb9e-99a2-4099-83b6-4205cdd18525;sub_1QS4l0Aj6DZgTxNUIPSzCuyI
02fd983c-bdf8-43f2-a31e-039b5af48223;sub_1Qxf2yAj6DZgTxNU0mAF4xEa
031e37b4-f2eb-4697-bf45-c456b0b875cd;
0352d122-d6e1-44d0-bf4b-76396be2b5fc;sub_1RosL7Aj6DZgTxNUXyB5agK3
035452df-dddf-4d0e-870f-283182c23c77;sub_1QTMXdAj6DZgTxNUFbrRjfqc
0385592c-677e-4696-8285-ce1e70272148;sub_1RIs5cAj6DZgTxNUPpEOQsaD
038e7c11-a412-42a4-81af-159ae77aa316;
0428d7fe-e5a2-48bd-a303-74f8a5e9d139;sub_1RRtsBAj6DZgTxNUbof6cifD
0444f0a3-6b32-4481-b1d6-37e09a64991e;sub_1QXZ8PAj6DZgTxNUdmysozoS
044bd01b-5f07-48bd-a048-2882e2b75e9a;sub_1RP8WnAj6DZgTxNUshA6aIVS
047d7d46-3d5c-4cd2-ac99-66b0cdac2e80;sub_1RqkSBAj6DZgTxNUHzWsSWSo
054b07f8-80b9-4698-b5e2-f49cd0eac809;sub_1RrjiYAj6DZgTxNUec0Di1MD
0557be9d-4c46-4df9-b1c8-e256d03ba1e1;sub_1RXXAeAj6DZgTxNUlD0G3Qnd
056ac338-7085-4b85-bd88-5f328c3e5713;sub_1QQNq2Aj6DZgTxNU5INhEm1k
060cd865-3d7d-4357-89e4-7414d0df4f23;sub_1Q6wU6Aj6DZgTxNUbBfu8XfE
06106d3a-8811-43e7-be74-1db257286c71;sub_1QGN7tAj6DZgTxNUv1Qfi726
06116508-790e-4eb9-9906-0f085efccc23;sub_1RP9TzAj6DZgTxNUzZWB4tSe
06b68e54-c2ed-452a-8d66-2542540a12b4;sub_1QvkkHAj6DZgTxNU2nPmrl3z
06d407ff-18b3-40d9-bf90-bf5c33b65f71;sub_1Qt4vVAj6DZgTxNUVfZXKS2j
0700b50a-235c-4c5a-bc06-087c006959de;sub_1RDvr6Aj6DZgTxNUlDnTL7ho
071ba1b6-d65e-4d18-b0f3-676854bb7bb9;sub_1Qb3O9Aj6DZgTxNUC0znmpvS
07750958-9747-4b2c-a189-1b1a558fccc8;
084295af-5d83-4c90-a631-001288341dc8;sub_1RiddGAj6DZgTxNUfFUIG9DV
08f6240a-b8fe-4f0b-9e07-cb39eac57f0b;sub_1RRHUnAj6DZgTxNUw4TLOkzw
09974b48-8c07-4d86-bd06-72f3e01facc0;sub_1RRAjsAj6DZgTxNUvbYmniCB
09bb66fe-4aa4-41e0-86cf-3242b47353a8;sub_1QyPd6Aj6DZgTxNUcs7jOuAw
09c55b1e-5406-4f91-b064-bb921df97c56;sub_1QdahTAj6DZgTxNUqx5r6htT
09e8d02b-2a5d-4129-9d99-844565db336d;sub_1QSf8HAj6DZgTxNUsPEB2Ov1
09e99953-47e1-46ee-9529-6b63015c8076;sub_1QIwPSAj6DZgTxNUG7Pajb32
09eca624-9524-458a-af20-c90a15e52ea9;
0a7b3f1e-48b5-4440-9a1b-a8462cb1577f;sub_1RMOAeAj6DZgTxNUCbc0iFSz
0a86a5c0-4b32-4068-90f6-6c557fe8ae2c;sub_1QhCMeAj6DZgTxNUwF0oN4zJ
0a97d2ac-255d-44f9-a18e-6ce78a9d55da;sub_1RdFllAj6DZgTxNU6YahoOLK
0abdef45-cf56-4b8d-a2dd-2c4636aa5698;sub_1QS167Aj6DZgTxNUS9CUTBqD
0ad4b325-0df3-4866-bbd2-3aaaa30783b7;
0ade762a-3515-44b8-99d0-fdceeefa43f8;sub_1PUVGCAj6DZgTxNUSS9N2UDP
0b104978-78d4-4aac-ae29-057b29572b6b;sub_1RAzI2Aj6DZgTxNUk5Zp4f0O
0b39250c-6997-43d4-a7d5-cf14958a3b1a;sub_1RijlUAj6DZgTxNUosSw90w0
0b4df44d-28ec-463d-bf84-ad6edc6e572c;sub_1QaocGAj6DZgTxNUM4cVGSlQ
0b54ce64-c875-4b75-b801-17f99c073641;sub_1R4oolAj6DZgTxNUXMiRECQq
0b7d2d36-b3ee-4a4c-b9a0-d0d7aba30d0f;sub_1QSQbFAj6DZgTxNUUJicauGI
0bdade41-fbeb-4e8f-8d8a-8cd2bf87009e;sub_1Rpy8fAj6DZgTxNUupZbHwIv
0bf5301e-2d76-471b-9134-548046ac9126;sub_1Rob7CAj6DZgTxNUDlrSbYil
0c7939e2-e442-4e61-9d0a-53cba122e016;sub_1Rk6FpAj6DZgTxNU63mnqbeI
0c914c95-f7d3-42cb-bc65-de907f3fbc44;sub_1RM6EfAj6DZgTxNUVuOGJSlf
0cecb7f9-e3b8-480a-b74f-b2c465780b91;sub_1QX6MxAj6DZgTxNUzT5xvzSb
0d03960e-3985-4062-b445-7a7ee6c42151;sub_1Rq8oNAj6DZgTxNUS9CQK0xI
0d4d8315-b2b9-4cd0-9f37-151d1b9e80d9;sub_1QulX9Aj6DZgTxNUbIUMwKYb
0d4f67c2-cecc-4d3f-830a-d2d2a1435892;
0d99730a-6a66-4ccd-8f59-12b22795c560;
0dc1809a-c9b6-4268-8b4a-5b0766a38268;sub_1Qfrt1Aj6DZgTxNULkyY5sqa
0e17f0b0-66b6-4a9d-b535-6171a26ebe82;sub_1R8RiIAj6DZgTxNUkVDROg3O
0e24f64b-b692-4db1-8225-ef1120d700c3;sub_1RsCNDAj6DZgTxNUtqJj2DOS
0e3aae76-5a17-4c88-b378-4546a15a94d3;sub_1QRwS8Aj6DZgTxNUsw71GKzD
0e8a8495-4af0-45ba-b8d0-52789c610d7b;sub_1RDpccAj6DZgTxNUFzEkZ1Yw
0eb12353-7a38-4016-bfe0-5363f8a93e54;sub_1QSeWDAj6DZgTxNUeViE1sTW
0ebeda76-3d08-46e2-bbf1-b156e6df17ce;sub_1RfkYtAj6DZgTxNUbUwUQ2Hw
0eebe775-9da6-44ee-876c-d51cd3b721fa;sub_1RVViqAj6DZgTxNUBR9hWbl9
0eee4ad2-de64-445f-8409-7b8d13874cb8;
0f899d40-1ca6-4d23-9edb-e83ed409e965;sub_1Qz3AQAj6DZgTxNUQnTvay8n
0fd3079d-80ee-40ba-a446-109e8f2a7a86;sub_1RpRTzAj6DZgTxNUVU585O51
102df571-e754-4953-bc37-a564843e5a52;sub_1RnJFXAj6DZgTxNUG1xzKCfY
1092bf1b-625f-4283-963d-94e0ffb20e75;sub_1RYH6wAj6DZgTxNUMaRd7HbN
11322419-7a66-4592-9aad-1c59c3877373;sub_1RPNQmAj6DZgTxNUX8vMfamf
12f17631-e0ac-4f76-a8f8-60ba35cdbdfc;sub_1QM8wGAj6DZgTxNUhrCl4jAr
130f3943-0c0a-4ae1-ba54-2b55e684eb9d;sub_1ROqPXAj6DZgTxNUxozWxXJB
132976bf-1e44-4905-9e18-9c6495e87626;sub_1RbHcVAj6DZgTxNU66z05SaF
137119cd-ebcb-4ece-ba11-01a97e1ad7c2;sub_1RRX2GAj6DZgTxNUDROngoqt
13758565-d756-43b3-9513-8f745505c97a;sub_1QmxxSAj6DZgTxNUSkmjrXnU
13bcd925-b1cb-4f8f-918c-5047ed58a27b;sub_1QgrFaAj6DZgTxNUmOYgFWvd
13f48888-df90-4488-a0d1-9d1df98ba0b6;sub_1R2HZ5Aj6DZgTxNUwouuZIKV
1405617e-55b3-4a22-bdba-e3cbcf919594;sub_1RAhiaAj6DZgTxNUITBFg8Ah
145b3203-ee5f-40be-8619-2155ecf6a9e0;sub_1RW1jQAj6DZgTxNUbzEknswe
148a077b-1ea9-4193-bcd1-f2c5234400fa;sub_1QyEyiAj6DZgTxNUgeOGxbos
14cd516f-5fa4-431b-b0bd-f08f502c5c1f;sub_1RfHrmAj6DZgTxNUhOXmRtTd
152e77c3-8c96-432c-b9eb-f6798ea200e9;sub_1QPP8tAj6DZgTxNUdZ8cv53l
162a9ef2-20dd-489e-b233-d99b053a4f48;sub_1R9wqlAj6DZgTxNUfpt3aVZw
166a76c6-01b6-4b58-b886-5889772f905a;sub_1RmNa2Aj6DZgTxNU76Kjwmnq
16a1af4c-c1cb-430e-b216-292740ed27ea;sub_1RA0VUAj6DZgTxNU3y3ThN87
16f5a2ca-0ec3-4a4e-9bf9-29203eeba31a;sub_1RHUKPAj6DZgTxNUq53Aela0
179887b8-2790-4c23-85ca-f08588fe7ed3;sub_1Rpe67Aj6DZgTxNUiBUKiWsJ
17a07f02-2635-4da9-89f8-a05b34135f7f;sub_1RiaBuAj6DZgTxNUZ1CUdb85
17d8e57b-b09d-422e-ac55-914055055489;sub_1QiismAj6DZgTxNUSOmCJXBZ
17ead078-9771-44b1-aea2-271c86c43bc5;sub_1RSXdtAj6DZgTxNUEgPNzhaq
18066072-7dbb-424e-b04c-ea6758a8f7bb;
1812ebb5-ba27-4741-8d68-6b1122480356;sub_1R0VaxAj6DZgTxNUYmp7oX6G
18fb2b3b-31af-4316-972e-1e39fc882b77;sub_1REuMdAj6DZgTxNUPZCVDEtZ
19b39a7e-d81f-4325-9275-5208c473254f;sub_1QJjHfAj6DZgTxNUbpI9R2D2
19bb29c1-e410-4634-9f95-d42652b1f72c;sub_1RkuDiAj6DZgTxNUpRrf3d9i
1a3880f8-dcde-46c0-a27c-4f8510fdd3c6;sub_1QUeM9Aj6DZgTxNUXSPkVwuT
1a6ffb12-865e-4bb6-9e24-30e5ec7cb967;sub_1QhdecAj6DZgTxNUWNeWhuhM
1afb8c8b-6c4e-41a3-93e3-0de1631a4a03;sub_1RdeuyAj6DZgTxNUoMJNtJKE
1bcfab60-90dd-453d-ac24-de3382505480;sub_1RcOFMAj6DZgTxNU721Phtdg
1c0a1b86-6c86-4073-9ded-1c9e6bec28ef;sub_1OpS5tAj6DZgTxNUYyuAncGw
1c0e4c51-3973-485d-b13a-78ed8bb5834e;sub_1Rjsj4Aj6DZgTxNUAeVDnoAH
1c181369-1e1e-4cdb-a568-6ca12a33c090;sub_1R744qAj6DZgTxNUBJYFFDYJ
1c1feda0-7933-4e40-9dc8-ec90171c5126;sub_1RTfqcAj6DZgTxNUk7sLUmaN
1ca324d4-f5c6-4182-848e-e432d0688458;sub_1R9eVXAj6DZgTxNU2BdZv768
1d4d83c3-b453-430b-9ee3-003767476280;sub_1QKExVAj6DZgTxNUrl56l1AT
1d5b0e88-d6f0-419a-9322-80193efe62ad;sub_1QjNzSAj6DZgTxNUmXBrbmjA
1d9e5e4d-bd67-410b-8344-439f557bdd5d;sub_1QXO11Aj6DZgTxNUXRW8a2q2
1dad7ce2-a3ec-498e-9f37-f45379e7695a;sub_1RSPCcAj6DZgTxNUiXXRUo3v
1dfab072-7ec8-42e5-8c7c-ae9277b8e58a;sub_1QovjfAj6DZgTxNUtiaQNBZT
1e149b30-d30c-48cb-8e24-8debdc2c4cbc;sub_1RXCUZAj6DZgTxNU92rpk3Wm
1e85a2d2-f754-4e53-a24d-3ec269671337;sub_1RP9LlAj6DZgTxNUKzzsQc08
1ea377f8-7cf2-47f2-94ff-a10b903ba1be;sub_1RlfXbAj6DZgTxNUIvGoa3M8
1ee555c4-0bd5-40df-976e-407628ce7429;sub_1QtumWAj6DZgTxNUvX6bmtOD
1f4afc40-f84b-4512-837f-5c44bd37e8dd;sub_1RPfTtAj6DZgTxNULWaMf28W
1f7b9a48-be45-4168-9df8-a88bfebef68d;sub_1QhMm9Aj6DZgTxNU6nE1ZK1v
1fc05e01-23e6-4849-9ced-24d20d6db0a6;sub_1RSL9yAj6DZgTxNUHhbghuzu
2052078e-6d31-456d-b7d9-d95a9710d53b;sub_1RkOrNAj6DZgTxNUnCuVYSZZ
20635586-044d-4c80-839b-731c83fe6b16;sub_1PlXJtAj6DZgTxNUi4AmS2Cg
20bf9def-82d4-4ed2-bc2c-49386443fbd4;sub_1Rp92zAj6DZgTxNUdTydhcTX
20cf2c1f-597a-42c9-a7fa-f06f5bff5ea0;sub_1QIuZ2Aj6DZgTxNUhHSw9jz6
21e3d0f9-2533-47ba-8d6a-5ff4420a0c55;sub_1QzZfCAj6DZgTxNUcklHK2tl
2291539e-37f8-44cb-a337-c6aab44fddbf;sub_1Q0jfhAj6DZgTxNUcXZVKHVy
22b19f6c-91b3-4989-abdf-c72f9258b808;
22bf595e-67cc-454e-981c-766aee2072bf;sub_1QiGZ8Aj6DZgTxNUbXIq7e3t
22f79cdc-2b79-4118-886b-c41185c69d8f;sub_1RRwa6Aj6DZgTxNU4N6msRwy
23432449-2c17-4b2c-924e-542765333294;sub_1ROgXVAj6DZgTxNUqfTzieCF
2352b2ac-e8a3-42da-ae33-b9d8790ed216;sub_1QmLhKAj6DZgTxNU2DH7a4Qd
238af9a2-4566-497b-9528-f904d1fa8f27;sub_1QXMtDAj6DZgTxNUT2Df6b4R
23da581f-2f0c-4364-ae0a-8269fc7948e1;sub_1RqZZ5Aj6DZgTxNUpjNONsNF
245e8e01-3f45-4249-acd5-81f90547af50;sub_1QpFjzAj6DZgTxNUwVkriiFC
257f2a79-655d-4da0-bc33-0298dbb98850;sub_1RhAoLAj6DZgTxNUQOW6WzxU
259c93f9-3c17-4dc6-acbd-a5098f9ed74b;sub_1QZZK4Aj6DZgTxNULKrHDOaf
25ca2e89-5449-468a-9a26-bf4838efe3b1;sub_1RWiVpAj6DZgTxNUbrnzd3eC
25cbe2ce-4952-419d-a54a-5776fa3b0277;sub_1QbbmQAj6DZgTxNUCOpGQHmu
261936b1-a8fa-4b7a-b14a-79d26ea500d4;sub_1Rrb0RAj6DZgTxNUKLlKXO2G
26340819-0bb6-4829-9962-f7db4bc977d3;sub_1QVlxPAj6DZgTxNU4QCjb0X1
27b9860d-5213-4a7e-8d7a-83101f7abf28;sub_1RRffaAj6DZgTxNUOdInehz0
28ea4a0e-8247-460e-a4c1-b06519cb854b;sub_1Qm8TeAj6DZgTxNUNufOdGgO
28ef1c49-7c8c-47f5-88e9-856c26fd8c06;sub_1Ro2wlAj6DZgTxNUR0Lj98vC
290c01a4-742e-4ad8-a44a-8f07096b0536;sub_1RcFP9Aj6DZgTxNUDmpLseJP
291da0c8-bb47-46dc-9d80-41bdee9be347;sub_1REt8LAj6DZgTxNUIfqgnQLB
2974dec6-b0fd-4abb-b2d1-98033aef65d4;sub_1RZAPQAj6DZgTxNUqPpFjySu
29e6f7e7-4d0f-41b9-a65c-ea4c67d4c354;sub_1QzAb0Aj6DZgTxNUXaJBNAO6
29fd9e7f-6f54-40e8-9b69-0c945abec93f;sub_1RTSosAj6DZgTxNUNom3cvDg
2b8021b7-cb24-4999-b1f3-bd0575f4cf63;sub_1QI7jtAj6DZgTxNUwsdvf0s2
2bbd23be-ec92-4fae-8dc1-f86d179472e4;sub_1Qyo21Aj6DZgTxNUUHBX2sZs
2bd89f56-e5cc-42e1-99f5-a4374f880c20;sub_1R7ENpAj6DZgTxNUYsmKfF4i
2c09bf62-17e3-4fc5-be71-8a2e24259e53;sub_1RYWQrAj6DZgTxNUXvyyLRD5
2cffb710-1fba-4a55-881d-b5dfad166cc3;sub_1RldABAj6DZgTxNUtyIeBaML
2d22c4b7-8864-4a8d-ab02-8ab1bd11b3de;sub_1QB49JAj6DZgTxNUq0C5qyXU
2d2f0671-a286-4131-8725-2957d1663285;sub_1RlwVGAj6DZgTxNUmRrNxddR
2d7424c9-6a97-4733-8d9e-9dba79b572fc;sub_1Q1h9aAj6DZgTxNUOW3XWWKi
2dda073d-50ac-4429-bae4-14e14f79dc66;sub_1RPC6vAj6DZgTxNUxu4RbQLL
2ddbef03-8bf0-4d4c-a9ed-c6c868296100;sub_1RK48gAj6DZgTxNUxMh8m6L5
2de557af-351b-4a2e-9257-abb00869109d;sub_1Qw0WFAj6DZgTxNUm0EPqlaA
2de5f362-70b7-49fd-9f22-80195e462a9a;sub_1RMm5hAj6DZgTxNUav6m10bf
2de77f27-523c-43c1-a761-265bee2c0d89;sub_1QS9I0Aj6DZgTxNUS6MOFDmS
2deea030-b09f-410f-96c1-448046526e0a;sub_1R5WZvAj6DZgTxNUCW7sRICV
2ec10193-46e8-43b8-9581-32d7fe1f9014;sub_1ReGdxAj6DZgTxNUXomAGy9l
2ede4738-9442-4231-b74f-ee082cfad814;sub_1R5APNAj6DZgTxNUhnKk6THJ
2efe27cc-db91-4dd1-8140-7537f00995f1;sub_1RNi4gAj6DZgTxNUckAKsb72
2f00d26b-a94b-46b3-8f72-54b0534bc6e3;sub_1RN046Aj6DZgTxNU2u2ZyOuc
2f0ff7c1-efdd-494e-accb-661f48e396ea;sub_1QgJWtAj6DZgTxNU4z7FOI3G
2f485d21-e68b-4b47-a3cf-9f1309cc27f0;sub_1RQEFcAj6DZgTxNUrtUBcSP6
2fb05364-a60c-4fd8-a953-c3aeeee3d496;sub_1Q7oOVAj6DZgTxNUIJ104fgR
2fdcc8f6-a9b5-464b-96f2-8649cd9354d2;sub_1QxW82Aj6DZgTxNUTa13RJOO
30203193-ad88-4c19-83bd-10d0d09aa994;sub_1QW4qWAj6DZgTxNUY2j6JsZc
303a30e0-4ed5-4381-af1c-2b7bac984fe7;sub_1QGM1bAj6DZgTxNUjDJGUEEz
3045d679-8170-4261-b800-b868744dd20e;
3094d2a2-6a0a-4b45-afa8-fd4863e07221;sub_1R34VWAj6DZgTxNUjpypOSax
3107e58a-aeae-44a4-a986-f10b6b170121;sub_1R7EflAj6DZgTxNUjbcgQKcH
314107ff-621c-410d-8483-73044ee611ab;sub_1Qf7aPAj6DZgTxNUjkxGXlyZ
3193e2da-0302-4709-94c9-17921a853288;sub_1QIPWVAj6DZgTxNUBG7z0NYN
31b38af4-42be-4b70-848b-35ec3a6d6793;sub_1QTEnVAj6DZgTxNUvdPmmK9k
31bf11b2-081c-4d53-a9ce-302491ab51fa;sub_1Rk95mAj6DZgTxNUIDFj4WBN
327641d9-07f7-4635-b571-89d336ff2b3b;sub_1RIA7FAj6DZgTxNUN7ItneRM
32891676-5326-4b88-992f-3b29bcc5eeb2;sub_1QmFiZAj6DZgTxNUNlD4r9qq
33431ec7-2377-4143-8985-05de37a89d2a;sub_1RmscKAj6DZgTxNUUmUkk598
334b2907-d190-4e91-9516-68cfd479eef7;sub_1RUh4nAj6DZgTxNUsPEwrgS2
335217c1-ab6b-49c6-a7fd-efc8108877a5;sub_1RbHDuAj6DZgTxNU0wwywOlg
33fa7411-d260-4d79-bb29-d85426653882;sub_1QUE1iAj6DZgTxNUwv4QtBOV
3402d465-d179-4f69-932e-b5d99db9db8d;sub_1RqYFbAj6DZgTxNULKErK2A9
351ee989-e45a-42fb-9b8b-5b41ab7f6d0c;sub_1RTeivAj6DZgTxNUyycVQjkK
3570b3d6-753f-43b2-b133-339b706f19ec;sub_1RaaX7Aj6DZgTxNUY04MsIOV
3596f948-387d-438b-8709-0c6d69f2af07;sub_1RHkMyAj6DZgTxNUksujWLEJ
35bd4e46-189b-476b-a733-05556b81511e;sub_1RJmb3Aj6DZgTxNUeCcQxG0b
35bd5ce6-25c8-4554-b941-e156c39753ef;sub_1QhnVYAj6DZgTxNUcw48ypQL
36292f00-eb38-483f-b221-18b07b4a6b96;sub_1QbwC7Aj6DZgTxNUOYyM2myE
3647a78f-4ee9-4181-b0c5-36edae23ab68;sub_1RgwXOAj6DZgTxNU6RHjUc0g
36598d8d-6be5-457f-b48d-4fa4f0faaa59;sub_1Qxw4IAj6DZgTxNU1uFXLecJ
3662c9d7-7416-45ce-83ad-bb0a91e057d2;sub_1Q6wWRAj6DZgTxNUP4p9AuK3
367a6f11-24ea-4373-9d01-cc5e098b9110;sub_1QoWVnAj6DZgTxNUkRynVRjI
36b5789e-841b-4aac-8b18-e96363b6e59f;sub_1RHr1LAj6DZgTxNUHhjW0jKD
36c61936-2eee-44eb-a5af-6f4e8c8494b4;sub_1QeXNSAj6DZgTxNUMLaa43BC
36da8b7b-460d-49a5-8e6d-dcd59fa0d684;sub_1QtZNiAj6DZgTxNU7ZQ5RlNE
36dfafc9-323e-42ba-a286-70b0e30f0d73;sub_1QF1xOAj6DZgTxNU7mthH5fa
373c31ca-db24-4403-a5df-5e445d92dc7e;
374959c8-f882-47f3-94c1-2463d4cb473f;sub_1ROnFDAj6DZgTxNUOb3TwNkT
37abcaa8-44b2-4902-af40-8698cef06351;sub_1RqB0VAj6DZgTxNU5lrfOxyb
37d83ad8-b8eb-42e2-893a-2a903764d305;sub_1QYU5BAj6DZgTxNUfviiySHm
381e1d42-a8b9-41ad-99ff-dd54fcca33ac;sub_1QxQgYAj6DZgTxNUWhjuPvkM
382867ec-cc65-4381-a2c6-5e8b1e42c8db;sub_1PeEQMAj6DZgTxNUvC91oom5
383950d3-620c-4bb9-b346-c4c0a6ffe712;sub_1R9NsuAj6DZgTxNUWncL34zK
384210dd-9459-4447-889d-ed6762e48434;sub_1RltvvAj6DZgTxNUhN7E1AkX
390861df-d425-401d-9f04-375b5f4ed092;sub_1RSew7Aj6DZgTxNUsd5vDRAJ
393f99b2-90b0-40d7-ba61-a836f436ffc4;sub_1OcZdgAj6DZgTxNU71ZqvDpM
3994ca37-f092-4fcf-9c3e-429491afb403;sub_1QWgzuAj6DZgTxNU2KkNThHf
3a1da491-62af-428d-8c2d-4036a7be4a86;sub_1QIVXvAj6DZgTxNU7yJ7K1nA
3a47ad6b-0c5a-4c0c-b4a4-5312f5306c88;sub_1OQWVQAj6DZgTxNUIWcVuhf1
3a6a4cca-6fdd-4bd1-b3f2-4b6595bdf227;sub_1QLHmwAj6DZgTxNUeUftdDTv
3a9d6ad2-1678-4055-b47e-f789bcf73fc6;sub_1RmSf1Aj6DZgTxNUI2c35Vzo
3ab7e183-8a39-4460-9bc6-466e1c68d141;sub_1RSVkMAj6DZgTxNUXOmvP27i
3b88a234-26a5-471b-b10f-89aaf602b1ea;sub_1QlfJUAj6DZgTxNU1s5kBB1Z
3b8ee5ce-239d-4ca6-a1fb-bc3fb1507dd8;sub_1QUdT2Aj6DZgTxNU9o8N8ZNK
3c100405-15e1-4277-8e78-73149d0235d3;sub_1R61CRAj6DZgTxNUu7DSqhhQ
3c83505e-5a0b-42b7-b66c-5c3f352f0801;sub_1RnKzHAj6DZgTxNUlTf7U948
3c972390-02f9-4abf-93be-200c44e5142d;sub_1RDAfEAj6DZgTxNUcHgbsU4A
3cc3808a-bbb5-4ed2-804b-f7ae8b829551;sub_1RMymrAj6DZgTxNUaQi0HYOl
3d028110-1f7f-4178-9587-13af355957fc;
3d07498b-30f4-4015-8d6a-409e409a1383;sub_1RHyTuAj6DZgTxNUy0lUdQWM
3d50abdc-39a9-4ec0-a7b8-f1ba934f178d;sub_1OmiwlAj6DZgTxNUSCKtJ5Dj
3d533506-49e1-4961-8669-37044e751cfb;sub_1RbxjiAj6DZgTxNUeYFhJmMr
3dbf2c24-c5cf-4bb7-afe3-4d013019c095;sub_1RlPKiAj6DZgTxNUFLd8hmQu
3de9a790-3cef-482f-8267-04f432c964c3;sub_1QVivUAj6DZgTxNUCJ0U0W8s
3e95831a-9cbd-49d8-890b-f22d341ae4f2;sub_1QY56bAj6DZgTxNUFBGa86kJ
3eb1c245-76f9-4a81-acc5-44d483d691ce;sub_1Q59lcAj6DZgTxNUw8FofX61
3f35a820-3e79-4988-959e-750bfefaca95;sub_1RTkYrAj6DZgTxNUCwlPEXms
3f6c182d-0065-4b04-96e1-8ea35eeb6994;sub_1QvnhlAj6DZgTxNUmjA2gtCS
3ffc7fe4-20e3-4714-928b-96b43a71768d;sub_1RY7a5Aj6DZgTxNUANQOQ2dK
401254dc-4741-4035-9205-6b3340f977b7;sub_1RW4lHAj6DZgTxNU2N3xh7JW
401e8d57-7b0b-42ba-b57d-82a9b63f874e;sub_1R6I7EAj6DZgTxNU1dWXOvFe
40215cc0-ad5c-4890-8a7e-37d530b80660;sub_1QDXcvAj6DZgTxNU03A7za9L
405f148b-4bee-406b-b2a7-7e91fefdbbd2;sub_1RPaW9Aj6DZgTxNUW5GfWiH8
406fc15c-debf-4bbf-ab14-bb7daf2d4d5a;sub_1RLPJoAj6DZgTxNUSfiCzKup
4077d484-f837-492a-85e1-4d7a5e66a6d5;sub_1QEUYJAj6DZgTxNUTOtkHZkS
40805dcf-a3d7-4ef8-9e2b-fe973610b1bf;sub_1QfmCRAj6DZgTxNUIolJx9XS
40a8f6c2-6394-4efc-8154-ea583a33e6f3;sub_1QAp9zAj6DZgTxNUSOFjHx97
411f0a2e-4b01-449d-be7e-95719a7d5a94;sub_1QKWdgAj6DZgTxNUx6MQKgEY
4331c305-b26b-4922-9ae0-9a1f93190008;sub_1Rk6ioAj6DZgTxNUScfMcC0W
4417967b-b6fe-4586-9d95-64a5cfadbf81;sub_1QnlGgAj6DZgTxNUha17IbPh
44ed26ad-7e74-43af-a5d0-57c7b67c93d9;sub_1QPUNYAj6DZgTxNUvBtwebHq
44ef5686-242c-41b5-945b-0bec46a10a8d;sub_1Q7mbVAj6DZgTxNUbey9689Q
45fc06b8-3c24-4d9f-aa52-29183c32a3e1;sub_1NdrhYAj6DZgTxNUuU9uqPyr
468198b4-e635-4179-b8ba-7e2a9e16d0ee;sub_1RgN7UAj6DZgTxNUM1S5dDWr
469ba17e-9d0d-4e4a-bf19-050635c1b221;sub_1Qf5vWAj6DZgTxNUo0APqkNW
46de5358-88fb-4799-9e22-3ab53c269667;sub_1Qxd0ZAj6DZgTxNU1XEFofbn
46f3ff72-546f-4f7d-a800-9f19fcea6305;sub_1QgaPcAj6DZgTxNUJ6enZoAa
47e20a22-d1ab-4fb4-876d-828d18c8f488;sub_1QxSglAj6DZgTxNUTWJwhz8e
480009bd-61e7-4a5b-aebd-c5fde394aa81;sub_1QVRGZAj6DZgTxNUBBR4AfGw
481647f9-1183-4b43-a65e-d053653c39f1;sub_1QglQWAj6DZgTxNUgeTHU2ow
48ab66e6-3981-4375-904a-b5b72f9101a2;sub_1QkomGAj6DZgTxNUBTHa1UtD
48e481d9-1a42-4043-ab66-4eab7e06b406;sub_1RInxmAj6DZgTxNUnf7PJaU5
48f7c0aa-a886-48ea-8de6-7146f7c97330;sub_1RTfq7Aj6DZgTxNUkp7vDLmz
4a21abf8-44f1-49be-9a1b-314e41159cb4;sub_1RRAFSAj6DZgTxNUIbQKWYcI
4a6e8ac3-5dfa-45db-889f-d59c5f4a45a0;sub_1QNMpCAj6DZgTxNUZiIzygrW
4a6ef878-6a71-4575-a66c-72378a6705a6;sub_1QVeFEAj6DZgTxNUZngh9iOZ
4a9dddfe-c0fc-40a4-8e71-4ed18f1237ad;sub_1QAci3Aj6DZgTxNUMzBM9UaO
4abcb6b5-85c8-432e-b0fd-ed8e21544f5e;sub_1QIUzxAj6DZgTxNUATRwTuNQ
4ada611e-8218-4afa-8863-5a35eb575a9d;sub_1RnfGXAj6DZgTxNUVAow6trU
4ae1f80e-634e-4d2c-a971-a6394a55817e;sub_1RlfZ5Aj6DZgTxNUh04hMFOm
4b2dd60a-0a47-4ad2-a912-7403032ce12a;sub_1O31bEAj6DZgTxNUVKCI7gIw
4b3d7b2d-23e3-4521-8621-0d56bc762d03;sub_1RpaqkAj6DZgTxNUYSij8MmB
4bf019ab-0f60-40b3-968e-067e0f27e902;sub_1QWQv5Aj6DZgTxNU8t6fYOro
4c313aee-7f18-4ca4-8148-530ebbfe0d4a;
4c389c7c-94a9-4c9e-966a-24821a8e927a;sub_1RoKIIAj6DZgTxNUSNXK9SYI
4ced17a3-95d6-4337-8e2e-2d2287319047;sub_1QEiYLAj6DZgTxNU9HGvUOyb
4dbfa12f-ee12-4a5d-8a40-87274875fc98;
4de1d79a-00a6-40c2-a7e2-5fcc5e9a5a52;sub_1QXmJBAj6DZgTxNU4LKwnHTh
4e104b3d-f280-4a98-b579-488ab5c3a7cb;sub_1RR90UAj6DZgTxNUTBCuYSVJ
4e3c9866-d95c-48ec-960e-92667f5446a1;sub_1QNchuAj6DZgTxNUpSbFWb8c
4e5035ad-6135-4990-b929-860b7b2f9721;sub_1QEJEjAj6DZgTxNUQGeOB7yd
4e7320bb-7fcd-47d1-b6ea-69e9c467732b;sub_1RTRm3Aj6DZgTxNUphfgTgXy
4f4abe9a-967e-445f-8853-24624f1651bf;sub_1R2i4VAj6DZgTxNUSa6G0q8r
4f54b916-cac5-45da-81b3-5c0e835f7198;sub_1Ro52yAj6DZgTxNUbSWfwlGs
4f737231-2b3d-4379-a8a4-b14c721a7067;sub_1R4Q0KAj6DZgTxNUpKzVicqV
4fd7131a-7cf0-4fce-b95f-bd255cb5cdbd;
504297fd-3ffc-4361-9012-0d6b817b804f;sub_1RDHl2Aj6DZgTxNUzcIYy3dP
50461ea3-96c2-4480-8b23-559660ddde0e;sub_1RQSb3Aj6DZgTxNUqVA0Vy6u
50ca1a0b-895c-4409-b850-42f32302c44e;sub_1Rjna9Aj6DZgTxNUA7CnCplv
516c65ae-ee54-47c3-823d-61684dac3c4a;sub_1QWcDTAj6DZgTxNU1V30Oda6
5206c485-8ebc-40af-9acf-3f2cc33cab4b;sub_1QFG95Aj6DZgTxNUX1mn4dfg
5242848b-67ea-4792-b380-a66f325c9cf3;sub_1RmjnpAj6DZgTxNUbXXAlnB9
52bb8de4-0740-4eff-bff5-14987b5811d4;
52dbf203-1abf-4116-be22-8ddd993d5b4e;sub_1RP0QaAj6DZgTxNUZM3XHaI9
52f974d5-7ab8-48b4-9bb4-605ae8227c9c;sub_1Qn33AAj6DZgTxNUH7TXzakm
53065268-6f54-40bb-8206-9dfe9664d9ef;sub_1R9yslAj6DZgTxNU5Lumh8x2
5322a241-e2c8-48f9-9db0-2d9bfc0218d7;sub_1RTq69Aj6DZgTxNUC4Zm1jkk
5387fe79-8aee-49f7-984e-6db5ffe45c17;sub_1RQudsAj6DZgTxNUXxdBA277
541755d2-5b8b-4a69-8465-374c1aef9d92;sub_1R9YVNAj6DZgTxNUKJ6odiYO
5418b985-7556-4a3a-96c8-b6fa56384535;sub_1RDyIiAj6DZgTxNUUsqggffA
54884c7e-da47-40a9-9ace-8096b29eaf09;sub_1RkX58Aj6DZgTxNUn2CoQdIA
54e709a6-1568-4e32-87c7-e09f410aca8e;sub_1QMnSdAj6DZgTxNUVx6CSUMs
55909823-98bc-4ec4-b534-df7217944377;sub_1Q6hYyAj6DZgTxNUVTHW4bkV
5648f78e-4893-41ff-8f7c-5ff82b3b9ccd;sub_1R2ye2Aj6DZgTxNUG7bXRfb3
5670c6b1-5029-41c6-9e93-7eafb25e1f7b;sub_1R0v4YAj6DZgTxNUd2ePIOuZ
56f2b476-a302-4a3e-8cf1-e6bedd21af5f;
56f9ba4b-f477-49a6-9260-e6639501a6aa;sub_1RTsgPAj6DZgTxNUlDsIO6U8
5757b6cf-66af-4bc3-9c93-1736f14b76e9;sub_1RgM9aAj6DZgTxNU86dvT15H
579b64eb-f5b8-45b1-9c3f-3af4f599fbf5;sub_1QAv8qAj6DZgTxNU6699Wamr
57ba8238-c7aa-4557-92f0-3b839872bf93;sub_1QTJQZAj6DZgTxNUnTBDB1hH
57bf893d-5a7f-4e4f-a76d-3bd483042980;sub_1QbOUzAj6DZgTxNUBwiLHSaa
57c4e3fa-b433-4826-b61e-1e828013c1e2;sub_1Q6496Aj6DZgTxNUSLejwN5C
5800e0f8-cb31-4eec-a3b6-57a094b335a3;sub_1R3Hq7Aj6DZgTxNUSZmkW8LP
5804a640-6b76-40b1-92d0-121f1806ad3e;sub_1QECGfAj6DZgTxNU22PcIS8Z
580b1478-01a4-476b-870c-8ad15f5e3db2;sub_1Rcdt6Aj6DZgTxNUmHiekvXe
582e4c5b-2916-4228-ab15-f7bcb878482d;
5851cfc1-752b-4f5b-99b2-f60bbcf8ac8f;sub_1QHBmuAj6DZgTxNURQ4xTWtG
588bec2c-9fa2-442f-82ca-b192996f51cd;sub_1QHOeEAj6DZgTxNUY0t2usF6
58ed6cd1-34a5-441f-9c3d-5c9553f61af6;sub_1RpKkDAj6DZgTxNUYS6puMMp
5965fd12-9413-4a73-afa8-14a2d9130315;sub_1Qy2EiAj6DZgTxNUh53AVvZZ
59f8526a-d46e-4596-b14f-f3af6f227374;sub_1QvgCiAj6DZgTxNUSBEDtQ8N
5a315cdd-3e10-4ce9-80cc-021d9026d360;sub_1R2iEFAj6DZgTxNUVWEA1BFY
5a74ad67-5793-44b1-8faf-489002b9147e;sub_1RRwUOAj6DZgTxNUWZAWT8vQ
5aa84619-1bd5-49eb-aa6d-183e2a75f38c;sub_1R7kamAj6DZgTxNUx2YMFjcs
5aa97dfb-2082-41b2-ac35-24e59b6bba58;sub_1RHRqOAj6DZgTxNUCBCpwTOl
5aec5bfa-f67d-4441-9386-d082f91d797c;sub_1QO8TjAj6DZgTxNUJ2vkqpVs
5b35004c-3829-46ed-96f1-22aa6f897315;sub_1QMvczAj6DZgTxNUeWPz9xSB
5b4fa3d0-fde9-4ad7-8685-9c7a7a3b4de2;sub_1Q7f01Aj6DZgTxNUkYLRhRad
5b5cce21-1f8a-45f9-891d-d09c08f53805;sub_1Rk7txAj6DZgTxNUycaVeskw
5b918f87-c101-4a85-b01d-1c2f216e942a;sub_1QDe7LAj6DZgTxNUkJyDx9tp
5bce2b45-cbc0-4dee-b9ae-7f7fba79fc8f;sub_1Rfs6KAj6DZgTxNUyfzC2R79
5be103cc-1d9b-4eef-afbb-b56816b5bfcc;
5c9375f8-376e-4e39-bab1-b1bf971a444e;sub_1NLRkYAj6DZgTxNUUk6Csz4s
5d1b79fc-ec4b-40c1-8b9e-f0fea4ff3ac2;sub_1RXnfWAj6DZgTxNUxSPy2se0
5d21421c-9ad9-493d-889e-dcdf67797ee9;sub_1RjFmaAj6DZgTxNUtbH2AIBO
5d26640d-a2ef-4707-85eb-745948f0a76f;sub_1RRqPdAj6DZgTxNUUEixzloq
5d3189ef-f6e6-4cdc-a1c5-a1c326479d12;sub_1Rj7GVAj6DZgTxNUiGoUcUh5
5dd1bfab-4fd8-46a1-89c7-c6e163e4a38e;sub_1RAgEyAj6DZgTxNUSpgBrXlE
5e5c968a-73c1-4159-a68d-7c0e5fca58d3;sub_1RcNMOAj6DZgTxNUrqbZb28Y
5fec95ef-d629-4d1b-88b1-a286068149f7;sub_1RGOoHAj6DZgTxNUGWIjVuIR
60054fe2-4eaa-436c-bdcd-4c377b549900;sub_1QBpvJAj6DZgTxNUJRMQxTSo
60cacf3d-eaa1-4897-a53e-1d3e0b962067;sub_1RDiLoAj6DZgTxNU0AngZZ5D
60cb59ee-9fa5-4f0a-a8c7-6931689cf8cb;sub_1QbnRbAj6DZgTxNU73LglutI
6166738c-b3dd-4a7f-9b06-6ea942d4ca76;sub_1RhKw0Aj6DZgTxNUHMzJSZkl
61bb1b7d-c860-4593-9357-b3583072b8d0;sub_1QR4tKAj6DZgTxNU91ExBc7g
61d00a03-e3ae-49ae-b92b-12c8d0f476f6;sub_1RQZ5sAj6DZgTxNUGIAcYplh
61e63bc5-52dd-43aa-9f2a-0abd2523e753;sub_1QEBckAj6DZgTxNUOCJjtVwy
6210ca34-7fc0-4645-bff9-ed659feb7a61;sub_1R3TzvAj6DZgTxNUu6ZkWF5o
6292b47a-9126-466a-9547-27c95078c301;sub_1QcpdjAj6DZgTxNUChY4oUMG
62b08e9e-6f06-4149-84bc-9a9fe3e12550;sub_1QdhKYAj6DZgTxNUIAXVvBHl
62cd0319-25e3-43d6-8846-d697906b1b63;sub_1RjMN2Aj6DZgTxNUg7Ck6ckf
6347531e-8237-427e-b745-8c32ffa68b48;sub_1RHlEnAj6DZgTxNUzFa0W17N
6365686b-2488-49ae-b0be-adb89ac0223c;sub_1RFawoAj6DZgTxNUrxXlNbTM
638db7cf-c1d9-4b10-a28f-22c7744aa67b;sub_1QIUnGAj6DZgTxNUolRYKBje
6405cc54-8257-4217-b890-f8341c71d85b;sub_1RPrz1Aj6DZgTxNUUZf1aPif
6415220a-df16-43a1-8d42-01039dcd06fe;sub_1RUpHCAj6DZgTxNUKOuL0FJW
641b93c0-a085-41ee-a6c5-63db6c92170b;sub_1RCjEPAj6DZgTxNU7KVPByEG
6457c23d-34f2-4977-b87d-b49dc3c16b15;sub_1QUd7qAj6DZgTxNUl5t5HkMH
64761bd5-84e8-45d6-87af-35799ddb5d6d;sub_1RLPKBAj6DZgTxNUWo3qjCqw
65126626-a209-4a16-bb62-0c25e860bf00;sub_1QXrUzAj6DZgTxNUy1mvF6iq
659fccf7-8f11-4732-af13-8c74d44515fc;sub_1RLh4sAj6DZgTxNUIn5fWLlL
65c9c8b7-4b47-4749-95a4-8bb193bb201d;sub_1Ra5KyAj6DZgTxNUxQaoHe80
65f83ad6-0837-4cd9-b9df-92888c753f0a;sub_1QRmiUAj6DZgTxNUm37cs1iE
6614c9aa-269b-417f-b628-585db8ba20b0;sub_1RU3L5Aj6DZgTxNUEx3Df2fB
663710a9-7912-43b0-b554-267597a5b8d9;sub_1R0a9MAj6DZgTxNUb2Wt1tzl
665ff007-b514-4645-9624-70a777a03add;sub_1RYiHSAj6DZgTxNUJGvhX3F6
66ad8571-bb67-461a-8fd6-4b6fa61ff2a0;sub_1QVW98Aj6DZgTxNUN7iTy4n7
6730c679-86b2-467b-b8a1-39fea5c7b416;sub_1QctMhAj6DZgTxNU4O9VIZlC
6756e0b2-e1d4-427d-b9c4-e36b853598cf;sub_1RkPsDAj6DZgTxNUjjVHVhra
678ea61e-f561-45c7-99fa-e05a307f9eaf;sub_1RkWkkAj6DZgTxNUPTOvCVC8
67ab9e98-47f0-4256-80c0-4ccf8fe99b61;sub_1QgsKhAj6DZgTxNUCkaHzniv
6835291a-da27-4d42-90ce-6b43df1ba369;sub_1Rbo23Aj6DZgTxNUAF8Ffsyt
6865c6b0-9bca-4f5a-b295-d0be84f53c9e;sub_1QE92qAj6DZgTxNUREMCkw2e
68f3957f-553b-44d9-b569-689fb63b9fbf;sub_1Qz9kUAj6DZgTxNUxMkq6rsu
693c0d39-b6a0-4107-9124-59448083545e;sub_1RLPIHAj6DZgTxNUD3JXZnO8
699089c0-7f47-44d1-a21e-41bcb7539fb4;sub_1R9XvfAj6DZgTxNUNou1mjXA
699156bc-e6ca-455e-9ec0-1a6ca169e27b;sub_1QIKrDAj6DZgTxNUenfkszjV
699f8f41-198d-49f9-9243-a2cfb38d54af;sub_1RqG7eAj6DZgTxNUAwQDAYP8
69c8fa3a-fb73-475a-ae12-529b6f2c2536;sub_1RH9ayAj6DZgTxNUNeyBdnSA
6a0af437-3bb4-438b-95b4-393a0aa81596;
6a8bf0ad-94d7-4069-b182-7fc642bfd898;sub_1RLCOJAj6DZgTxNUtlxpCp0T
6a8ec908-1857-4334-9491-b3997b5fa98a;sub_1QTPj4Aj6DZgTxNU8fQvjjEN
6aa797ce-7339-4f6e-8aed-e127311f1561;sub_1Rqd5mAj6DZgTxNUAvNJXLdb
6b87fce3-5179-4bf8-aab3-930e47585c0b;sub_1OWSz2Aj6DZgTxNUm4P1f8p2
6c467a42-0d66-4928-b9d7-c037df317fae;sub_1RNUrOAj6DZgTxNUkC95Cw9K
6ca525c4-0251-4cdf-99ca-5d2be9b5ed14;sub_1R2WAEAj6DZgTxNU90DGw6eP
6cb46e4b-d9d2-430e-adcb-ed9380c618c4;sub_1QGeSVAj6DZgTxNUQldwfj9b
6d583020-2d6e-4b40-8afe-1ab90e821bbb;sub_1QAiBEAj6DZgTxNUWKVYYMHw
6da12f85-af0b-4364-a7f8-5583b585ac5e;sub_1QUhKQAj6DZgTxNUcu0UelIA
6dd674fc-6028-4d06-a1d0-749d6b6ed368;sub_1Q8kxXAj6DZgTxNUvEk7G98S
6e5f5528-02c2-441c-a35a-595cf7abb116;sub_1RAJ4SAj6DZgTxNUB4mZlzsn
6e6ab7b0-f688-4e71-8864-32bc3f9bd71b;sub_1R78GQAj6DZgTxNUZpn5x36G
6e8a40be-5d14-4498-922f-67caee6391da;sub_1RYTxuAj6DZgTxNUwWUFuseu
6f6cd72c-71a0-4089-8959-fef41d91d1af;sub_1RnaTLAj6DZgTxNUSPFTd4QK
6f75e698-c162-45e3-9e53-55f1409b8fff;sub_1RiCotAj6DZgTxNUA3LthhTI
6f7adf8c-9a2c-4162-a23a-11c417b83383;sub_1QpMEVAj6DZgTxNUCjRZ7wxg
6faed40f-e198-4331-8049-f76551a44987;sub_1RZe0GAj6DZgTxNUoKxwmX2U
6ff2637d-4ec6-43ef-83be-0150a013a03f;sub_1RjZ4cAj6DZgTxNU8AhpbZs9
70538285-b110-4b8f-bca3-96cfc9d9ebe1;sub_1RYOpBAj6DZgTxNUpz8ms3mh
7055f6d9-832e-49f8-a40c-29e48a0fb69f;sub_1RkPuGAj6DZgTxNUF51cC8WI
716c813f-318d-4094-b50e-79d100a0e9a7;sub_1Qx4EdAj6DZgTxNU1ZIh2lO9
71b0d97b-66d8-4df8-b343-7a1eb4c274f1;sub_1RrRKgAj6DZgTxNUrvMbrXZK
71eb8a87-8da5-4317-8d9f-743c04ca1222;sub_1R5XrNAj6DZgTxNUtmspBw33
72e74906-33a6-46f3-9088-3f3fab9acb1a;sub_1RFN7bAj6DZgTxNUGgD8J0Vw
731e7e6d-bda3-4adb-ab9d-468700f2573a;sub_1QijaOAj6DZgTxNUeW6d55Qr
73213067-8752-4c2e-8ead-6ac8be17368c;sub_1RiwMrAj6DZgTxNUvpCgpdmt
736f7afa-cd7b-44bd-a6be-6c6cf4a87891;sub_1Q8wBgAj6DZgTxNUsmPoaswu
73b43cc3-2ae9-4b72-ab23-86c8766338fb;sub_1Q1R4VAj6DZgTxNUUYEyOJl8
74ef33d4-02e4-4adb-92cb-57c812387546;
75714815-7cd4-4510-8a6f-6721199aeddb;sub_1RRVzfAj6DZgTxNUG5WTxemu
7580ccd6-6446-40d2-a6d6-0a73beff8ee0;sub_1RHtjOAj6DZgTxNUigkdrh6c
75a414cb-5b4a-464a-8894-b6f4fa14bba2;sub_1RS530Aj6DZgTxNUPbNPRwoS
75db0f59-da30-48e4-8e08-ca89fe8e9e84;sub_1QvetbAj6DZgTxNU5FKGXb8j
75e3550e-ed0d-4685-a765-6cca8f0b869d;sub_1QdrGtAj6DZgTxNUKNQlicwo
75fd00b2-530c-43eb-b20b-2207af98370a;sub_1RbOf1Aj6DZgTxNUXGdJOSEx
75fd310e-67d2-44e9-80cb-93b2b6547d41;sub_1RklSCAj6DZgTxNU5YptJOXQ
765b168a-b92d-4d47-8151-e3d1d26b7daf;sub_1QAAvPAj6DZgTxNUcsk8Vgz1
766d0845-a1d9-4336-9412-1797282eaa79;sub_1R0bBKAj6DZgTxNUnC0wfAfO
766d3465-8483-4cfc-a5a4-5457f9dc2d87;sub_1RFu6GAj6DZgTxNU1F5kc6Qj
76abd2b6-c79c-43a1-8597-0fbbae8b0beb;sub_1Qzys5Aj6DZgTxNUBxKcJhCy
76e1ca8c-060b-4cec-9e6c-5ac1c1876808;sub_1QOQhLAj6DZgTxNUvquslsnn
76f78390-2eb2-43db-b68f-b4e5b14b8c02;sub_1RQ1XMAj6DZgTxNUUhvdt6Od
77cc93b0-0ff9-422f-8e3b-7c994af791e2;sub_1QjhwqAj6DZgTxNUJZRRDZhx
77f63e17-1e13-4364-a212-0c4d8af5ae92;sub_1RjpTLAj6DZgTxNUPsRNKrjW
78b0624f-a3db-49d2-beb7-5bc78e597dbe;
78c0db34-d594-42b2-afd2-c163eb47faf2;sub_1QbrywAj6DZgTxNUyiArH99D
78d7ec07-cca4-4297-bed9-fc440619cc35;sub_1QjOdpAj6DZgTxNUfXPqGewQ
78f55885-59af-4d98-a3a8-fa4c7d50cb71;sub_1QRbBTAj6DZgTxNULwAkrItZ
78f83ee1-bae5-4ffe-a596-cf0d1ac64033;sub_1RM764Aj6DZgTxNU3ts0CZiK
7910473d-84b1-4f00-85b9-dec0c2fe2e15;sub_1RZQ9QAj6DZgTxNU3wgSlcWf
79365753-08ca-4894-86d1-73e3dee15ce2;sub_1R95npAj6DZgTxNUlmN31NUs
79c3b885-fe9e-457c-9f0a-c316566c1fd6;sub_1Q8O2QAj6DZgTxNUTg2X6Y2R
7a6e8000-48ec-4730-b796-7894027bf615;sub_1R7jgNAj6DZgTxNUwonS74Rd
7acb82f3-779d-4b9b-9c0b-30f92251e9f4;sub_1RalNeAj6DZgTxNUZFCu7s1K
7b38936c-1960-4fde-b48e-97e390c22e09;sub_1RRDuZAj6DZgTxNUo2fxZeVA
7ba53313-59b1-42fd-b287-0a6ee019b9c3;sub_1RtHYyAj6DZgTxNUwfgfjt1g
7bd468de-965e-4400-a21c-10f857d2ff68;sub_1RQdXMAj6DZgTxNUyD1SFJbq
7c076926-bf05-4559-b8eb-fc6c6a0b2c24;sub_1QZGHVAj6DZgTxNUqaBhj728
7c10ef8a-732c-4c17-aeca-285dc8515925;sub_1QieOoAj6DZgTxNUP9c2ZnAY
7cb1bcfa-3caf-4219-a036-51bdb56632d0;sub_1RJpZWAj6DZgTxNUaWKp9qMV
7cf85797-b3d0-42a0-a39f-049469f227c2;sub_1RPJzvAj6DZgTxNUzHThTF7c
7d517b09-79e3-4f65-8910-e5ec44b410ae;
7d77f479-6e2c-47b4-9433-c51d4a350f70;sub_1QC2z6Aj6DZgTxNUcUwciGIc
7dc21df6-5a94-4404-9bac-1ee79e1633da;sub_1Qzy7qAj6DZgTxNUa4a2oXjm
7dd1a369-69ca-4311-80e0-1b0c407b39a0;sub_1RW3NUAj6DZgTxNUqljkxsUf
7dff294d-3a77-45d3-9187-708cf5a30250;sub_1QGpYmAj6DZgTxNUtSYkPEnM
7e0543f4-0dfa-4365-b519-e2b20826885d;sub_1QxpWgAj6DZgTxNUXH2F9D4N
7e0cd4f3-62aa-4e26-a239-8d6c18871a37;sub_1RHwrhAj6DZgTxNUCYltajx2
7e29b60f-ff27-47ab-bd52-67af5beab48f;sub_1RnqwSAj6DZgTxNUtiOSQu2z
7e5e29c8-1344-4cd7-aaf4-1aa9852528db;sub_1QPMCOAj6DZgTxNUxCoT6dK2
7e5f9e4e-ccd7-456a-bc30-6c45b1d0241f;
7eedf007-2f63-42cb-8ddc-15b460af5e90;sub_1QY6caAj6DZgTxNUqji5WQfZ
7f7f9277-073c-4b02-bb86-e3a1b0be2792;sub_1RojGsAj6DZgTxNUJLty8gua
7f912e8f-4748-4cbc-99fa-426d113f3e6f;sub_1Qa666Aj6DZgTxNURx6aDAKU
7ffcedb1-942b-4bdd-9d48-b8c8d61e63e3;sub_1Q7ZjQAj6DZgTxNUhjQw2plG
802f168a-fc4d-499c-ac70-33c28f081219;sub_1RmE9NAj6DZgTxNUzK4BgYxZ
8069b085-1590-478b-a502-94418f4db3fc;sub_1P9nSpAj6DZgTxNUioOQLYYG
80a29460-b292-400d-a998-1f2628d70b67;
80e65856-31da-4ec5-9222-944c19ec53de;sub_1R1E0fAj6DZgTxNUOViW9j8O
80f0f769-0066-4c73-a055-d89e2b54d69a;sub_1PeETUAj6DZgTxNUYUbLBpCU
80fc1494-c194-4843-9de0-41824cda21c5;sub_1Rlu6RAj6DZgTxNUqS1HphiQ
81185f62-0b73-49f3-8cc1-89cac0e7acc7;sub_1QgswDAj6DZgTxNUhb1dFC6Z
81290acc-c7dd-4902-9616-7d7d0ed8b20e;sub_1RFkgTAj6DZgTxNUv2se2vKz
81393289-9248-4090-aa92-334ebb81e807;sub_1RTQBKAj6DZgTxNUfgsmhlKo
8148852a-8695-4d5d-8491-0a8c4ecf17cd;sub_1RZ1nlAj6DZgTxNUAaGtZEit
817bcca8-109c-4540-84b0-36212d58fd7b;sub_1QHGcVAj6DZgTxNUxZE3Uogh
81852e5a-107b-4034-af3e-20fb1c1ac37e;sub_1QFh65Aj6DZgTxNUCrDrwCO2
821ad15d-7200-44ee-b83d-c238753b9ddc;sub_1QLhUQAj6DZgTxNUbjZJbX1U
824e5093-a5de-4aa4-86bb-115925478dfa;sub_1RfS9wAj6DZgTxNUDSri8yBy
82680e96-ed24-4d28-9673-b7241d91006f;sub_1R9pKCAj6DZgTxNUyxo0VMnV
826dee4a-4810-48e2-ab6b-276785240b1e;sub_1PeEpsAj6DZgTxNUGLAvYZiH
82a437a2-bf89-4e26-94a9-d92cb8367197;sub_1R9eStAj6DZgTxNU7F2az9kL
8327c623-2dd4-47d8-a352-baacbab13cf2;sub_1RsjMvAj6DZgTxNUoj3SRfH6
83a2d429-b130-4f3a-873f-c9caf52b0f8f;sub_1RMUumAj6DZgTxNUrUD37RqD
83c457b8-1f31-445e-a463-c2db39287a20;sub_1QiChZAj6DZgTxNUwIeWoJSu
846d542c-4738-4af8-b574-afab3b887700;sub_1QnTpiAj6DZgTxNUO2HCA4BV
846e4515-4b00-4670-b0a3-07e1585eed7b;sub_1QRwHyAj6DZgTxNUu5hTctKI
84df02c7-21e7-465b-bb3f-92dc97ad684f;sub_1RJ9OQAj6DZgTxNUU7GziFIq
851d33b3-f00d-4ff1-b47a-5ac036d711e7;sub_1QcoEqAj6DZgTxNUFJmDN8Wu
8545398e-01fc-4ff1-b380-563711ed0e5f;sub_1QXiYZAj6DZgTxNUAa0276Ma
854f45b8-238a-475c-918f-781f755de0e0;sub_1R3cT2Aj6DZgTxNUqPDdzmWZ
85e4c9df-c882-45a1-94c0-52ba565c419d;sub_1R6TbrAj6DZgTxNU64D4o9sT
86449c14-4bb5-4dd0-86d5-2623d5167b52;sub_1RXMcsAj6DZgTxNUpDJbLkaN
86cc4f00-f54e-45ea-b4d8-697c4eb3c10e;sub_1Qb1HxAj6DZgTxNUfj5RGEsF
86dec08d-b01f-4e7b-ae98-d7a7a6922e90;sub_1QbkncAj6DZgTxNUNeWfWW7B
87407d7e-5417-4405-b686-c9d39a43e635;sub_1OTprCAj6DZgTxNUfIuwaW6Z
877662d7-a7e6-470f-9989-401fe178f1f9;sub_1ROVQZAj6DZgTxNUQhiTy9s7
881c0a3c-741a-4644-a44d-ed7178c56573;sub_1RL7EiAj6DZgTxNUnDFUCaHm
885dd195-c886-4776-b980-dfa7aa69a8d2;sub_1RBAvqAj6DZgTxNUdyrRyE6A
886b5825-6cbe-4f44-97ba-98c355e965ed;sub_1QsZDIAj6DZgTxNUUGQIZOT5
889ee232-08d1-4a4c-9a49-cf104570a4aa;sub_1Qzc9UAj6DZgTxNUT20xVFeD
8909d393-2647-47b7-8236-d6555fa1b929;sub_1RKoU0Aj6DZgTxNU6ibmkXWj
8975353c-82b5-4c35-870f-5d13542a96be;sub_1QkBtEAj6DZgTxNU8HBI3TRU
8a5928a5-46db-4d8a-8696-a29835a37298;sub_1RPAEVAj6DZgTxNUFZFl5Epj
8aab63de-fabc-4019-9da8-af800ac8e57d;sub_1QzCgSAj6DZgTxNUPu4q001E
8ab2cc68-59f3-4c4b-9df6-46f5127b92be;sub_1RoiUpAj6DZgTxNUrKQdqs1l
8ab8c9dc-8cf8-4b3f-9b76-281f20831f0e;sub_1RFRzDAj6DZgTxNUPjCOeO6P
8acf1694-77cf-47bd-ae00-a1155eecb8ef;sub_1RIxWkAj6DZgTxNUF0i6iuSN
8ad8cc5c-f80d-40af-85f2-2202f6e3f6ed;sub_1RdtYBAj6DZgTxNUA4kJNCPI
8afcdaa6-19d9-4619-a26b-98a227f651d2;sub_1PP9YlAj6DZgTxNUyWSiyyK4
8b55e08c-0970-42d9-8113-de2f0049a063;sub_1QdLHtAj6DZgTxNULyJQyUIA
8b7e4928-e20b-497c-83cc-b926f38d0a3e;
8bd89bd2-7eb0-418a-a992-e7b2df4da5ab;sub_1RrCqvAj6DZgTxNUbt4SaIEq
8beb8586-978d-4472-ad12-18e32bf6f1a2;sub_1QprnEAj6DZgTxNUtH2tTL3T
8c3735e2-aca9-4ed6-b94e-9b28727720ef;sub_1RcFfQAj6DZgTxNULDW8h1y9
8c7ca3c9-f6e2-4ccd-9dab-8805bc45ecc6;sub_1QmkrAAj6DZgTxNULYQiWuOk
8caa27a9-f080-4be8-9bd3-6cf8e69284e8;sub_1QwybyAj6DZgTxNUDT7N7UMx
8cb67a3e-a3ef-4aeb-b2e8-9cb6a37a72bd;sub_1R0bscAj6DZgTxNUklyrtXfL
8cd70cea-b483-461c-9373-c6233152c0ae;sub_1PQo9iAj6DZgTxNUHCiiKGAW
8d0cc0fc-3b68-42f3-a833-1e5e789f7d31;sub_1QRhD3Aj6DZgTxNUIlSpW0qD
8d2180a7-9f89-45a8-8124-cbf9fd89ee22;sub_1RpaSOAj6DZgTxNUZwG6MA4R
8d24925a-8766-4f03-a548-d8f2b219fb74;sub_1QFY5CAj6DZgTxNUphda2Ew5
8d8cb5bf-d70c-4d9c-ae4f-882e7fd582b4;sub_1QVr7EAj6DZgTxNUQUy5qri0
8da22b90-13f2-4996-b76c-bb39484783a7;sub_1RDr1NAj6DZgTxNUVdBumHBd
8db82e44-1343-4e40-bb83-2b63cb248bab;sub_1RiqtdAj6DZgTxNUsoSjTlsA
8ddfc691-2b63-4f6e-9ee0-328aef5178f3;
8dffe814-601e-45f6-af02-eccbd4bf873b;sub_1RiCHsAj6DZgTxNU9gDGepQv
8e793ab6-ef00-4711-901d-897f55331cc3;sub_1QPl5mAj6DZgTxNUou4b2l9m
8ec954fc-a290-4c34-b4e6-caa0ce231def;sub_1RXUJYAj6DZgTxNUkT7o4JBL
8f193065-f80e-44de-a2f3-20e257fd05b0;sub_1RnVF7Aj6DZgTxNUONQgZXiV
8f2bf833-07c2-48a9-8782-7a329a5fb7da;sub_1QjELVAj6DZgTxNUSp4BL2s0
8f458f4f-3677-4d1a-b575-b2a501c32052;sub_1Q8u38Aj6DZgTxNUOlHu8Vkx
903ae94d-3b2f-4740-81f9-454108ff063b;sub_1RHE6jAj6DZgTxNUo92uiTvN
90d725f4-15ff-46bc-bc52-0e72cdfe9fc8;sub_1RrDcNAj6DZgTxNUPi1hnySM
910cf272-3e1f-4fe1-a02d-fa05388add9b;sub_1QjUH4Aj6DZgTxNUKBMrMSVT
91181b81-8119-442a-9f62-b0f3ca460f70;
91316829-4974-4c21-9184-4f8e4293259b;sub_1QTJyJAj6DZgTxNUSZohyf6B
91489478-107b-4088-a315-99d14cc79452;sub_1Qtcx0Aj6DZgTxNUOMmFt8Kg
9191d4e8-8005-4628-8c7b-27034170a599;sub_1R5G5ZAj6DZgTxNU4vgmnz7l
91a2e436-0755-4151-89bc-b04693c44297;sub_1Q7elOAj6DZgTxNUW6BJmueE
9252ea54-d663-4f38-af24-f1cae86c312e;sub_1RY2yAAj6DZgTxNUAFgZhte1
92557c02-0a6f-4759-ab2c-14ace6a180e8;sub_1Rn3p5Aj6DZgTxNUgBwfSBUr
925aa57d-284b-4bf1-b009-4224592f2739;sub_1RkqkTAj6DZgTxNUJL8uClY8
925fb6ee-a30b-4723-8440-724dcc54ba39;
9268a11d-a033-4d55-b562-737e7830167b;sub_1R8pSOAj6DZgTxNUixsfFR3T
92a45c98-9755-498c-9257-23bf59797f8e;sub_1RYd1gAj6DZgTxNULvSs0l3P
92b24aae-b677-4124-b483-c6625a8512c7;sub_1RAFJRAj6DZgTxNUr0gFZftl
92b8f8f0-c381-4d04-bbe9-56f66d4f29bd;sub_1QvpzZAj6DZgTxNUEVSTjTUM
92eef6e0-9a2b-4815-9a4d-4b3756812c8f;sub_1RfXmnAj6DZgTxNUyUvukJ99
93196fe3-a423-4fb0-9cb6-d90f878ed4d3;sub_1QkFUvAj6DZgTxNU1i9EB9cA
933262a5-2a6e-47a2-b622-1ceef8f22c77;sub_1QpTMiAj6DZgTxNUlVkYxqE1
93c7effe-5d4d-41d1-b3e9-372afc900d56;sub_1Q8Vr4Aj6DZgTxNU7YbOQ7Wu
9407de70-474b-4edc-94b5-3eb13a052a3f;sub_1Qv7tWAj6DZgTxNUbsCxVHmk
9411d95e-8d4e-435e-8deb-dcbb3da6ba9c;sub_1QIYeMAj6DZgTxNUlyimcozB
9435b54b-bac9-4252-9c81-c07f94890e1c;sub_1QvKsAAj6DZgTxNUToKk4KDm
95961a1e-ae00-425d-a7ea-6cacfda02ff7;sub_1RYiGQAj6DZgTxNUivTxOtRj
95bb691c-a348-4e29-9cfe-9f59e7175411;sub_1RhHOuAj6DZgTxNUAFtFpHuc
95dd8489-408a-47ec-b5ce-f242fb68cf9a;sub_1RTSBlAj6DZgTxNUmmgbmS1M
9637c907-d323-4e5a-baa5-5621a054dccc;sub_1QUxAGAj6DZgTxNUwL2SVw5o
96bfe4ad-7f2d-4c8c-ae55-21764c11b60c;sub_1RQnunAj6DZgTxNUFSJRgsgh
97333752-0a94-445a-97f6-cee37fe8fc22;sub_1QOwebAj6DZgTxNULSeQTc5C
97352e37-8b25-43b3-815e-318bea24cc07;sub_1QdoqnAj6DZgTxNUv3KAWcEq
97c4bf89-8c75-40ae-be5a-40abf7abe9d8;sub_1Que59Aj6DZgTxNUN9zMbyWJ
97ef0da5-0e62-4922-9ac6-70d1add9f011;sub_1QVBj3Aj6DZgTxNUMAJY1sry
97f5ed55-bc88-476f-9340-75ab6235e133;
983069ed-0b66-42d1-beaa-eb5d50ccccb9;sub_1R5qfUAj6DZgTxNUiXhRHjyk
9883d1d5-62ad-452d-a9f4-e487fa90500a;sub_1QgfuUAj6DZgTxNUvdMYt8gi
988ea053-c9c0-4f77-aeaf-9e83c5b3cecf;sub_1QSe7fAj6DZgTxNUzNufGn2Q
98f0e6f7-4faa-4d86-bf5c-a9e308494bb5;sub_1PMUG9Aj6DZgTxNU5C6eTzSn
990f68a8-1728-4fd3-b705-fc2ebe151b36;sub_1QNK3sAj6DZgTxNUHFtpILDv
994297c0-0031-4641-9b14-056889aecf28;sub_1RIONiAj6DZgTxNUBVqzwdrl
99c99fe2-0cc3-4293-9d56-5f006ddbde71;sub_1RJfeNAj6DZgTxNUDY1Emvr7
9abeb988-0db1-478a-b313-8cbfa22d4a3f;sub_1QmgkaAj6DZgTxNUXUNvTNcm
9ad24777-5e9a-4e3c-a2d5-39dd262d2309;sub_1RoKQqAj6DZgTxNUbHebcSiE
9bb44313-d8b9-4cd6-ac82-bbb0b4257e79;sub_1QISxbAj6DZgTxNUFSEiNyrd
9c29e511-3393-4afc-ad4f-944d123f504c;sub_1P4PxOAj6DZgTxNUQmfM925f
9c841de9-5576-408f-b3a9-e686c9661eb4;sub_1QYYRVAj6DZgTxNUnpMacNiH
9ced4416-5765-4c65-9159-e7d7569ecb98;sub_1R2F41Aj6DZgTxNUuh4V1Ikp
9d7fdd15-ab52-4045-831e-a2eccc81b432;sub_1R5frnAj6DZgTxNUzuHcq8bO
9d997f3a-2866-4131-a8f1-370894805f11;sub_1R2SzSAj6DZgTxNUE9fxKJDB
9da73f7e-8de8-4139-b2bb-70b996f8492a;sub_1ROIwmAj6DZgTxNUq3rCKHuh
9e3ebb62-493e-4098-9691-ff503ea08fd7;sub_1Qv1csAj6DZgTxNUfsbDd5QA
9e446556-00b5-48a2-9b59-d4dadf6b9137;sub_1QmzFvAj6DZgTxNUK3ORXXGu
9e505799-a704-43a5-93cc-a1e79d9aab1f;sub_1R302LAj6DZgTxNUAZLxF4y1
9e6362ae-3037-460b-98a3-d217ca203b0a;sub_1QzRK2Aj6DZgTxNUuJJBXq96
9eec5787-e177-4b17-aa18-7d461b9fbd9f;
9f15ee27-cc00-4f40-864b-6f056e23e250;sub_1QbnTdAj6DZgTxNUMlgI96LH
9f192270-3c32-4c71-a409-50dc3a389a5c;sub_1QxWGrAj6DZgTxNUpWabAb3N
9f4a142a-651f-4da3-b6f2-319a6dc75b05;sub_1R5CuDAj6DZgTxNU3e9NjIQU
9f6a467c-5af5-4c50-90ab-e7776a425341;sub_1QVxaXAj6DZgTxNUslY5DspT
9f7ec94d-eefe-4917-b0b9-16bcc4e53ea9;sub_1QeVYDAj6DZgTxNUFZeNPBax
9fab29c6-a94b-4efb-b7bf-ff28ff533783;sub_1PaK52Aj6DZgTxNUa6wdD0JI
9ff2c69a-f8ab-463a-8b37-b61efccd175f;sub_1PiofXAj6DZgTxNUtBIJsJum
9ff35f7f-313a-4e83-9e12-a6ce0ac0e260;sub_1RaReQAj6DZgTxNUARnWIS50
a02a4dd1-792a-40c7-a30e-892ee3ab11b9;sub_1R93iRAj6DZgTxNUlv5zjTCR
a0714a69-e1d5-48e7-97a1-d7fd291ba992;sub_1QVpx6Aj6DZgTxNU5r1VctLo
a0a9c796-af27-4173-8dee-f52975748118;sub_1RX9cYAj6DZgTxNUJn8IIowQ
a0eae948-7978-4d06-b879-d5e69462f464;sub_1PprjHAj6DZgTxNUl2ozHpFl
a13f337b-1ca5-4129-9c3c-a498d3f72d95;sub_1RXtlxAj6DZgTxNUXXVAdsl2
a16ba7bf-a4c3-4272-be86-abc345cbb1e7;sub_1RBPdcAj6DZgTxNUbTQmRgu8
a1c612d0-2ab0-4cfa-ad0b-726f6b20aedb;sub_1Q1PLbAj6DZgTxNUJILDaHbq
a2078357-c806-491f-a7f3-f40e42ee466b;sub_1QkRlGAj6DZgTxNUVEo9RSNp
a2a76560-ff1e-44cc-af04-8e00dbb2cd7d;sub_1QC3dxAj6DZgTxNUrR2uvZly
a328c327-26cc-4918-b9a9-db8f585dafcd;sub_1R9sSZAj6DZgTxNUUuTZxZYX
a361b423-b19d-42be-8799-b3cc81333966;sub_1RYNuvAj6DZgTxNUbeyMC4ih
a37f3ad8-14e1-4e98-a9b8-bd082d033516;sub_1RGpQ2Aj6DZgTxNUumvXVbg5
a38cd008-d3f2-440b-84ff-a33a7e52ed6a;
a3c2e94e-a3e5-4164-a5eb-458485ba4466;sub_1QGlrGAj6DZgTxNUNox2k3HC
a4588b90-f812-4aea-b874-17098ed4cc12;sub_1RX38CAj6DZgTxNUHN6HtILn
a49769e5-cc3b-4c0e-966a-eb245a8855ec;sub_1QaUVrAj6DZgTxNUj8UlzorN
a4ab54e0-c0d9-4e7a-a5ab-c19b0c1d879c;
a507db0f-dcdd-4473-9499-08c36cf717c2;sub_1QUwmlAj6DZgTxNUqJVlpN97
a54642ad-4194-4856-81da-79d1d9bf3284;sub_1R1AIQAj6DZgTxNUg8JgaxTa
a5659b89-23df-4613-8480-eccae609d6c8;sub_1RfR7GAj6DZgTxNUyYX1pX86
a577dbf1-1120-44bd-850d-8c369221b4ae;
a5a083df-07f1-4790-8d37-d49873c1faa7;sub_1QJbrNAj6DZgTxNUow0jpB5I
a5b7795e-72e0-4102-a146-aeca1eb444bf;sub_1RWqmgAj6DZgTxNUtpQAHzi6
a5ec1834-8409-4212-8110-6cd8353700df;sub_1R85LfAj6DZgTxNUaXYTVkOd
a5fa16c7-82c0-4007-9c8f-f38a434197ed;sub_1QzJA6Aj6DZgTxNUzAuLN5ct
a63822f8-9994-46f6-9034-9e9194a4046b;sub_1RdzLTAj6DZgTxNUphPOVL7U
a653cdcc-96cc-4e6e-ac8d-91b2c9962b48;sub_1RlH8nAj6DZgTxNUkbKcSkSU
a65d24a3-3c6e-4ece-812b-0de3a5e1477f;sub_1RM4HbAj6DZgTxNUuKsYJ1bo
a71c1484-c238-4c81-bed8-46154aa52ea8;sub_1QOOT8Aj6DZgTxNUub7OglYp
a77a938c-4d0e-45d1-bad9-e05f8c005a03;sub_1R07SRAj6DZgTxNUWybVMggH
a78a3380-c26f-4ef2-94a7-93f12b8b7209;sub_1Rpc7BAj6DZgTxNUbnR5gDWx
a7dafadb-65a2-4acc-b51f-04d309e8455b;sub_1QXno5Aj6DZgTxNU8brjqcD8
a7f6d142-2aef-4a97-97e0-766729d72b58;sub_1Qj07VAj6DZgTxNUvH1a2CmU
a89e80f1-8a23-46f2-bf42-55b27d48afa6;sub_1RnNbXAj6DZgTxNUnDzXlJrI
a8a823a7-ae44-487f-88ca-0eaab404dbdc;
a9819f4d-0ed4-4abd-8918-bee1b8a2ac2d;sub_1RDvkiAj6DZgTxNUIpKBFo1p
a9948c00-f30d-44d9-85f2-eedec1047801;sub_1QwXJMAj6DZgTxNUxeicpvjh
a9ae79de-848f-45c5-ad2e-d476ce49e6fc;sub_1QcgUAAj6DZgTxNUemctU9qP
a9e42fe9-e7a0-4474-951b-7a09b127e5aa;sub_1QKKV9Aj6DZgTxNUmRngMBNv
a9f3b87c-75cb-452c-8589-0e3ff9f55272;sub_1RUFNcAj6DZgTxNUls7wOyDA
aa383e66-e1b0-41b0-9fa0-a3c45ef92b6c;sub_1RE1prAj6DZgTxNUCk8cfIO3
aa4c2328-b260-445e-b8fb-743218eeb528;
aa58659f-d490-484a-8a01-3621aea15015;sub_1P9ncbAj6DZgTxNUH4bj3nxv
aa93f55a-d125-4b0c-a2e2-e38e6ebee649;sub_1RbSDqAj6DZgTxNUpWnh5Scu
aab84e80-2b7e-4f1c-a2fa-7aa061c47d07;sub_1QTREoAj6DZgTxNUHZ89nMkJ
ab5f27f2-05d4-45fa-89c4-70205ed0bc1e;sub_1QQEXKAj6DZgTxNURaxG0X0s
ab945521-1151-47e6-9280-b9b2af175571;sub_1RC9HeAj6DZgTxNU3meJ8Yc1
abc7fccd-cebf-44a9-a536-f401c38e7c20;sub_1RDQYFAj6DZgTxNUKM0Zz9Wd
acc6cad3-ac53-4ff6-b80f-c71594a5ebf0;sub_1QSae5Aj6DZgTxNUPyAzgKHQ
ad18fa53-e562-40d0-a4f7-4e9349424347;sub_1RoBumAj6DZgTxNUbGCH3FUJ
ad4416d5-01ef-4a08-8bba-823880ef4e2f;sub_1QSjiBAj6DZgTxNUxW7fw6n2
ad47c33c-2c08-465d-b65a-31a0c852a60e;sub_1QxQrWAj6DZgTxNUTJj1B5fl
adff823d-1ce2-4b04-869f-f04a1c2835ad;
ae3434a1-b756-49d7-8527-572b14fc93cb;sub_1RQFl1Aj6DZgTxNUaPTwpyBC
ae56b766-65ba-49b4-8b97-a53a7a48b6c3;sub_1QlX9yAj6DZgTxNUs0bpCL5p
ae9d36a0-2cba-433d-9686-45399d56c55c;sub_1QPW7cAj6DZgTxNUL1nKPTBh
aec10e8e-9f25-4ff6-aa48-f43128815610;sub_1RUgHHAj6DZgTxNUxKnwURwd
aedad436-b9ad-49a6-a8ab-0a5739810a20;
af3a1f21-258c-4ce1-a0a1-ffefad954e3a;sub_1Qn3TOAj6DZgTxNU4sCgnGzI
af3fbcac-53f3-4ec3-90ec-45e4e0ddaf58;sub_1RoqP5Aj6DZgTxNUPPforcvx
af807584-3746-4612-80cc-577242425a46;sub_1R3KGNAj6DZgTxNUD1yNuIEi
afca9f8c-ffa0-4e58-adf9-ed2839cee892;sub_1RtEBpAj6DZgTxNU55az4ZRa
afd50b5e-2384-4fe0-9f9d-86c7f2bfbfdb;sub_1ROuAUAj6DZgTxNUAR1rTycf
b05b79f9-5c87-42d1-b1ea-80ffa4694a45;sub_1R6fJgAj6DZgTxNUo1x3DgUj
b097ca49-55aa-426a-b700-4c72510b5827;sub_1RniBfAj6DZgTxNUkkNYf5YL
b0c6d1bd-9276-42cd-b6c4-cc4347948593;
b0fd498c-034c-4d69-a6a3-2fa894a98051;sub_1QS9CgAj6DZgTxNUGEpiRSg2
b195b11d-3421-4431-a7f1-79c65fb0432e;sub_1QTYL2Aj6DZgTxNUzW2elrPJ
b1ab0690-d4f8-41f4-9a68-90f60bc44220;sub_1R0bBwAj6DZgTxNU4Ma9nuWh
b210dbd9-3b17-4b36-830f-21b1a6e0cf24;sub_1R2LbzAj6DZgTxNUWluCVmIr
b2183453-0c34-44b8-877f-860b92e862b4;sub_1RflkTAj6DZgTxNUFJrxPutO
b26e1c01-4012-4c23-adbd-7f81948125f3;sub_1ROTe3Aj6DZgTxNUADH1fPet
b276250b-ad9d-4be5-85ed-25c87b5ee0e8;sub_1RHYccAj6DZgTxNUdZYaOHHJ
b2b20000-8622-4f5c-9926-8375cf799619;sub_1Rb0uIAj6DZgTxNUrKOSxiN2
b2b63f76-a860-46c9-99ef-1c1d24958ec6;sub_1R6li8Aj6DZgTxNUnQ7BPSlI
b2c40773-8e4a-41ea-833c-1ca207bf256d;sub_1RKU0aAj6DZgTxNUCnYs6QdG
b2d33443-34fb-43e8-9ece-5e34c3f50f46;
b2dee11a-d4f2-4d71-ae8d-917d344bb0d8;sub_1Qv2v8Aj6DZgTxNUpyephxhG
b2e03774-d8a2-40c4-a5f5-fc567e597d80;sub_1QJJbCAj6DZgTxNUtJCMn7xF
b35e1fc3-868d-4175-8427-67ca28d9aa0a;sub_1RGYPXAj6DZgTxNUfoa7UZvz
b3bc0dbf-4d2b-47a4-a214-2c076eca55a6;sub_1RijoqAj6DZgTxNUGdrSG1wV
b3f4d52c-7e31-421f-8200-d2ab23e0bb46;sub_1QS1psAj6DZgTxNU0os8hMU9
b428ecc4-8a46-40ad-9dc6-10344ef50b9d;sub_1RIaI1Aj6DZgTxNUO2If0lfm
b469aaae-d148-4f90-8eaa-05049a47855d;sub_1R8WybAj6DZgTxNUEmPZXNN1
b5b6a5aa-0232-464e-b634-7823e068d890;
b5e51319-426b-41e6-82d6-eddec02cec85;sub_1QQ6MtAj6DZgTxNU9JMxWms2
b606d909-ffba-45a9-b90a-f1e3c1748c32;sub_1Q9WkLAj6DZgTxNU1tAcvfVt
b6ab2a77-7d28-4b3c-826e-51d8fd38e1ff;sub_1QgkJBAj6DZgTxNUxtUNdrD8
b6b01dc9-eb04-4ed5-8475-a7fdceac7769;sub_1RfNLrAj6DZgTxNUmTf0cOkq
b6b758e2-6457-4ea0-b5e9-9d3f7a7c9066;sub_1QwrkwAj6DZgTxNUcnDg63Cx
b6c5e1e5-eda6-4cb6-917e-26f04b190227;sub_1QkzJVAj6DZgTxNUt7vPUERf
b71d15ac-bfd6-4142-b830-0abc8808dbba;sub_1QtcbpAj6DZgTxNUbvUj1KUD
b72b3485-4079-4f86-8832-1f3d5396143e;sub_1RG1PcAj6DZgTxNUjM2GWWcp
b7585a2c-561d-45b5-adf0-93b3ef1c8cf8;sub_1RfaYIAj6DZgTxNU6rMykapa
b7634a9a-f30a-461d-943d-95ffc61ee315;sub_1RJrHQAj6DZgTxNUvNuKnSXw
b775f31c-a919-4e23-8649-2d0f5d2ecfad;sub_1RqcfvAj6DZgTxNUUaIA7psI
b7f92265-fdd6-4b8e-b838-5982f69c1080;sub_1RsCLwAj6DZgTxNUZp4T4oVe
b872d08c-9fed-46c4-ad9c-37c75caa1535;sub_1Rld5yAj6DZgTxNUrB44fJOi
b8979bf3-b180-455a-b56a-f6b16317fd1d;sub_1QVueFAj6DZgTxNUZcqCWo8p
b8a6bd8a-bea9-4705-8bea-a2e11521a97a;sub_1RPmgUAj6DZgTxNUNHW44i0Q
b9120792-1db8-4997-bf3e-8e2816beba4d;sub_1QgZxEAj6DZgTxNU1Xq9otuI
ba6eadcc-fc55-4ab1-bc50-aaf0bdaae9ce;sub_1QB0rlAj6DZgTxNUk1haIb3d
ba7692b3-b33f-499e-bee1-7fff692bdd71;
bb229f7b-9788-46c7-be9b-27411b7917a0;sub_1QIUueAj6DZgTxNU7alXIZeH
bb2f57b2-b93e-4986-a78d-5015b8a67567;sub_1RTDTaAj6DZgTxNUwQjHm4Xd
bb4a3deb-3b02-49bd-a3d9-5d065d9a7809;sub_1QzgjrAj6DZgTxNUb3kDvutQ
bb80ff9a-4f9c-4b01-83a4-32f28d42b248;sub_1QkzXeAj6DZgTxNUy0Q8TSsD
bbe8a0ca-a158-48b9-92ab-f45798f056be;sub_1Qn9dzAj6DZgTxNUOEYTKJ8P
bbf9f643-0a0f-483b-b29e-b862ce41491c;
bcf349ab-86a7-4a69-9a26-7ba36aebdd73;sub_1RnSG4Aj6DZgTxNU3hYAeEY0
bd871514-26b7-4415-91f9-f8f2a5b136c3;sub_1PhFueAj6DZgTxNUhxoSykJZ
bde3b9cd-f106-491b-80d4-a3ed7139935c;sub_1RsyMnAj6DZgTxNUB8swmujo
be4b4029-9eb3-40ac-a285-c2db5d5a1025;sub_1R8OaYAj6DZgTxNUzrGmOTv4
bf023632-603f-4a8b-ae08-7d1b9501f60a;sub_1Q9VrYAj6DZgTxNUs7myX5ns
bf10fe1e-9757-4ff6-983b-353d1bb19217;sub_1RLxWFAj6DZgTxNUsILVEcRf
bf29e3ac-3661-45ff-a7b6-9f5c57f7c8e2;sub_1O2HKoAj6DZgTxNU9OylO7aL
bf48f372-1f22-41a0-9105-a357315a831a;sub_1RdLmRAj6DZgTxNUDpWAyUvt
bf67e37b-1d93-481b-bd5f-fa28a12b178f;sub_1RHsfgAj6DZgTxNUVmppHIL5
bf78c79f-7f03-43ea-a4f4-64ffc7fc6fbb;sub_1RODhHAj6DZgTxNUJOeWJPsg
bfdd922c-96b1-46f0-ac00-f0324a5500f6;sub_1Ro9UnAj6DZgTxNUVW5P0xbo
c00f8ed7-9ca1-4951-9016-6637d415ff3f;sub_1RHpG3Aj6DZgTxNUasq0P5Nw
c03e6319-3708-4e18-b7f8-6917baabddcd;sub_1R4m5BAj6DZgTxNUP0kHDBiY
c040468e-d8ca-4622-a791-0ae9bbbfb52c;sub_1Q8ZWXAj6DZgTxNUt5v8PeIw
c059d111-8633-4ee2-bc16-7c4db155e466;sub_1QsxzIAj6DZgTxNU8lLjdtRE
c0ab19fd-ea74-4071-851a-ece53f216773;sub_1QkQL4Aj6DZgTxNUqEhjIvlh
c0ca5185-f787-4246-9f05-cc14c1837c71;sub_1QEoVDAj6DZgTxNUim0hcSRV
c12742be-239f-4da6-995a-0ee4b33569d4;sub_1REBnjAj6DZgTxNUd0TA2sQM
c174477c-65e0-4adb-acbc-ddd383d17943;sub_1QPbTOAj6DZgTxNUSevOGOXl
c1dd6500-3298-4830-81b0-73d0e6dbfb5e;sub_1Q6sJhAj6DZgTxNUenIkebLp
c2047b6b-acea-40c8-a3a3-80cb4f382a7a;sub_1QkZo6Aj6DZgTxNUA5Vl5YCI
c231cfe3-b2be-43a2-91fd-76906a9bd019;sub_1Qcv2HAj6DZgTxNUef00svYt
c2adee2f-e08c-4ef2-ae98-074f3a62edd3;sub_1RnSXeAj6DZgTxNUAxZwQu6C
c2be9092-342e-43e3-bafd-0d6131915667;sub_1RLPIuAj6DZgTxNUNSeonNWr
c2da3a78-0925-498a-bf0e-8fb320eeeeda;sub_1R95T6Aj6DZgTxNUVmycfsG7
c3ea7236-7287-48e1-9f09-6366c59d02a9;sub_1QhMz8Aj6DZgTxNUVnEWdyNo
c4310a20-df3d-40ce-b347-519565a3858b;sub_1QBJEMAj6DZgTxNUcjzyNpWx
c43bc3b4-3ed3-4730-93f2-9b0e4570ca9f;sub_1R0AJvAj6DZgTxNUIaICG8lX
c4b50f36-0517-4ab0-93a0-9c12a4977635;sub_1RJwHYAj6DZgTxNUwuEpBLls
c51bfe89-61c2-4c7b-96ec-2db783e197bf;sub_1RiddRAj6DZgTxNUEHpeg5v0
c51cb89b-fa48-4235-8e13-cb1c81baf47d;
c5974332-1a92-459c-a7dc-20ede62c2074;sub_1R4yRxAj6DZgTxNUMXBBAiG1
c5ebcc6d-d88f-439b-a96f-c438b374fd87;sub_1QgTctAj6DZgTxNUG3zA75bK
c617f3de-b6e6-44c2-88b5-5d012555ad1c;sub_1QBFQxAj6DZgTxNUXv7LxexZ
c649a4c4-ed1b-409c-b7f0-ceb56bee3bb7;sub_1QXw0EAj6DZgTxNUqZ4JWJLf
c6612672-69ad-4a75-bb88-4b73635ad5a9;sub_1OreqcAj6DZgTxNURLmrcUIv
c67f15aa-b5c8-4785-8e97-b49dc0b9c1a0;sub_1QPhv4Aj6DZgTxNUVKHbHNG8
c683aa31-3636-43fa-9d5f-fb88001105d1;sub_1QRKeJAj6DZgTxNUgLlOF4Mw
c6ed3531-d112-4da3-aa46-bef1d884d149;sub_1RSKPLAj6DZgTxNU1mgVLeI8
c7872de0-7f86-4131-b270-8efb8d2e995d;sub_1RfBpLAj6DZgTxNUl1Vk5kAj
c7988cb6-6b64-4777-a62b-2e4ef7eb7896;
c814db95-1122-4ac8-9de4-fbb8d5096e8a;sub_1RgasqAj6DZgTxNUrTZqHsvH
c821c99d-2b38-4fd4-9573-b81a6c5f1d39;
c823d749-0792-43ea-b2d5-77dfbf006609;sub_1R02b0Aj6DZgTxNU5ADhvzER
c837a8a5-8414-4e95-a14d-3126999d3dce;sub_1RgJBnAj6DZgTxNUjASJEAMh
c85f172d-935d-45a8-9d15-29d5b30d8e39;
c8a3fed1-1b11-43cc-92af-7321a69f39b3;sub_1P6VCGAj6DZgTxNUYxQJQrkC
c8c37e34-e424-46d4-ab96-8c93f8d76e87;sub_1QKBRdAj6DZgTxNU9DT4Paeu
c93e2db8-0aa5-431e-9f47-bd3760548cad;sub_1R7SKwAj6DZgTxNUCLCa6Q07
c949a3f4-1247-46db-8272-025c2ebc7c1a;sub_1RmHklAj6DZgTxNU1QDf7Z7o
c95e65e5-0124-47e7-af02-37e04c5c5538;sub_1QMR8gAj6DZgTxNULpo6bxDj
c95ec9a3-766b-42c0-a084-948c7076fb4c;sub_1RLMIuAj6DZgTxNUnt2ysXbW
ca3db92b-ad00-4604-8c41-10d80b2d01b2;sub_1QYPq9Aj6DZgTxNU7ufbVj58
caca76b3-448b-44cd-b863-b8c601ead0e5;sub_1QTMjQAj6DZgTxNU1U9OhllJ
cb0cb0fd-b742-4c78-a389-4bdb715fc93f;
cb87c043-29e5-4a44-83f5-818874c6b932;sub_1R5Pr0Aj6DZgTxNU7Rg75LdN
cba93541-3bd2-4ce3-8c87-b708385e7be5;sub_1RMzpDAj6DZgTxNU9NxiC21t
cbd42297-f4fd-48cc-8f98-3530846928db;
cbebc7e2-8beb-46f0-a4b6-4674b23efe57;sub_1RZElIAj6DZgTxNU0cuG7si8
cc20879a-4357-4e2b-99df-7847f3857e56;sub_1QqTntAj6DZgTxNUppY2iWSV
cc397082-df93-4a8e-bb55-f030f41f3900;sub_1QDqt5Aj6DZgTxNUh8HVTyTa
cc3c6743-a06b-4d0a-b998-920d369931d1;sub_1RSFxlAj6DZgTxNUmOguNWbN
ccf4c881-756c-45eb-b2ce-0de515cb98cc;sub_1QWTLTAj6DZgTxNU8bspHg5t
cd545505-ee43-4cce-8e10-ba597ced6eab;sub_1QxlXSAj6DZgTxNUJ5ILLbCM
cd7adc0e-fe46-4356-81b8-15c325527389;sub_1QP8bYAj6DZgTxNUKie1V4zt
ce2a3868-7373-4148-bc17-d6be4768b64c;sub_1Qhh8AAj6DZgTxNU3ggcpxWb
ce7b3999-bb61-41c5-bd94-4d7527cbf005;sub_1RpLvDAj6DZgTxNUzBNsCkSm
cf47cfa4-7469-4649-9bfa-4efcc6040480;sub_1R6dxaAj6DZgTxNUUOkBfNzM
cf52840b-3922-43ba-9b07-859f4f35245a;sub_1RS0xaAj6DZgTxNUYAUM2I9S
cf6d1c23-0e5c-46f7-876c-43f0009f4fc0;sub_1Q7uUKAj6DZgTxNUrmwoKDjW
cfdd0861-ba26-4b76-bc66-ca8f3f130a14;sub_1QeOcXAj6DZgTxNU2cpkybud
d0a61291-82ce-4a0d-8b5e-9ec42d075ea1;sub_1QA4tEAj6DZgTxNUG8zQNbzC
d0ee6aba-fdfb-4f76-ab24-f400ef619524;sub_1Qzj3SAj6DZgTxNU4ialGgeo
d2bc856f-3445-4561-b4ba-e5eb1d86e187;sub_1QzQfaAj6DZgTxNUgl9QBCL5
d2ed7a3f-763a-40b4-92ff-beba51c82946;sub_1RZpcIAj6DZgTxNUMPwKR2BW
d3809719-fd53-4e07-883a-b681ba80aa73;
d386007a-2e87-4e48-800d-661e555f656a;sub_1RGs9FAj6DZgTxNUQhH6XhC6
d41db1d2-1e83-4c1f-a6ed-eeed6ffd5cea;sub_1QqszfAj6DZgTxNU3313Yuwb
d42d04cf-dac1-4b2b-aaf5-eb3c6b0db8f5;sub_1RXSQfAj6DZgTxNUZkmJBOu3
d468edc5-c85b-490a-9eaa-25d547882ae5;sub_1O6ze0Aj6DZgTxNUuslYzbwp
d492ad0e-e737-4d45-9cc3-79eec2f12580;sub_1RaJVEAj6DZgTxNUKyaXlYck
d4ac02ac-783b-45a4-9f12-778f7cb19719;sub_1RUp7TAj6DZgTxNU0jkTdoCm
d4ac3a74-c0d8-4a91-b6df-cc70e8841b36;sub_1P1T9FAj6DZgTxNUN0xhomcm
d4bc40bd-e507-4b50-a54e-7ce52e4d9c66;sub_1QJbpcAj6DZgTxNUcRGzkNlf
d4f0b630-617a-4965-9058-cd53cf8e7c39;sub_1RiKQBAj6DZgTxNUNqvEHM39
d4f33ff9-1564-4e91-b71d-a1f1b2981ee5;sub_1RrqzwAj6DZgTxNU7Qt5wUci
d55c9c57-d8dd-4720-bcee-a9b69ed3983c;
d57082eb-f9fb-40fd-9c40-3a11098c0c7d;sub_1REG9PAj6DZgTxNUmnZx0fQJ
d5f10851-4df7-4504-814c-3e050a2b2016;sub_1QynOCAj6DZgTxNUGfdI3KoW
d62c1820-a12e-418a-a64d-6cb03eb51187;sub_1P2IfmAj6DZgTxNUOhSOeOAw
d64d5a13-b3e0-4abb-bfb7-3e8a24c0c45a;sub_1QI09jAj6DZgTxNU9zIrRKH2
d650e4dc-4255-4b31-9c35-339a04ff68a2;sub_1Qm7BMAj6DZgTxNUUsg3AEgX
d65e4308-b65f-41c8-b2ed-c675a68615b8;sub_1R9j2sAj6DZgTxNUEHbKMhtb
d6697992-8165-47ad-806f-aead2229c24f;sub_1QaFlQAj6DZgTxNUDy6IJtYk
d71ba8e6-e83e-4523-a158-7e7b3d1333df;sub_1QYImUAj6DZgTxNU6AaNIFSM
d76c1902-8c0f-45a1-bebc-dfba996d8bd6;sub_1QC9cnAj6DZgTxNUUMZXnzfD
d7858b6d-0d7c-4358-80c4-6ac108dad602;sub_1RbJmzAj6DZgTxNUfifMsNLv
d7cbb6f2-8419-4596-b80c-aa4cf03bab7b;sub_1QTMeiAj6DZgTxNUz85gJXBZ
d85b4b6b-f752-42fe-94e0-c7682bb1615e;sub_1RLZ0pAj6DZgTxNUfjYq4VR6
d8bac00b-eba4-46d7-8ba0-a8a17e34f658;sub_1QTKNOAj6DZgTxNUULswe3Fu
d8c9ba16-3b06-427a-9137-9a7aa6e301ed;sub_1QyTdPAj6DZgTxNUR4NBpHPq
d8ce62e2-9bcb-4b44-8589-e4c66f2f5bcb;sub_1Rhz3cAj6DZgTxNUjuTGm8fb
d8f2c6a0-6658-487c-81c5-7d5921af652c;sub_1QZ6aNAj6DZgTxNUsOjQPCUy
d91ffbe1-2f21-4e1f-9826-51ad7d386a19;sub_1RCtJfAj6DZgTxNUrxfkFIYI
d9548dfc-d033-4159-91f0-18f95d3ff7fd;sub_1RPqvzAj6DZgTxNUETEb1xfb
d9e70752-8919-4385-82fd-e7bb58de8175;sub_1QvEhEAj6DZgTxNUCmOtvCgF
d9edb608-595a-4c62-843e-c7c89b61e105;sub_1QQN3UAj6DZgTxNUupOgy3md
da2f07ac-0013-4a05-9742-1d90c03046b4;
da87ad0a-87ad-400a-9811-188a328c2447;sub_1Qet0PAj6DZgTxNUk37BYTZs
db67a051-da1e-4c92-8ef5-8eac140f3d8c;sub_1PClmpAj6DZgTxNUvd1MAScU
dbad4700-1722-4f49-8992-5db2686a9e35;sub_1QCAIyAj6DZgTxNUxfxIVdkI
dbb18a60-a465-4fbd-9aad-90306b850f70;sub_1QgTR7Aj6DZgTxNU0cMnJfzQ
dbcf511e-5328-4693-ab8a-ed03974154c2;sub_1RhXzjAj6DZgTxNUMmerNlza
dbef0b05-5a4f-421e-8bf0-11f8097efa33;sub_1Qz2AaAj6DZgTxNUZpzHFFEz
dbf400ed-0ce4-4c29-a2cc-3ce64b3e6227;sub_1RneiJAj6DZgTxNUoFmUkE5x
dbf79a0a-71be-4278-9dbb-37029af3175b;
dc10f68d-9fbe-4710-932f-a2bc86703053;sub_1RqyT8Aj6DZgTxNUif0gUxyg
dc351e9c-8611-4f09-a8c0-d3876a251873;sub_1QmEcgAj6DZgTxNULhtl9qTB
dcc57307-e4fc-440d-a23e-70137adac774;sub_1QlrgAAj6DZgTxNUSC7gtCfx
dd7ec431-31bf-4f32-b2bb-f3f5fbee491b;sub_1RHRWQAj6DZgTxNU4Zm2gWta
dd9ae9c7-baff-4cde-94b6-127d77e5228f;sub_1RcoWBAj6DZgTxNUPdSjMEi6
dda3f79b-e038-47ae-a158-e929f5805125;sub_1QTp6uAj6DZgTxNUwr7OqoWF
ddaa2f45-46ce-4cea-95af-0c213c307701;sub_1RVnJ0Aj6DZgTxNU0duolNzU
de1bf85e-f09c-4d56-9367-302fa553dfa9;sub_1QOSqpAj6DZgTxNUg7mqmORf
debc7e49-25a2-4a87-89b6-f859a5089ae3;sub_1RsaFdAj6DZgTxNUSCfAcU0t
df3f2908-c359-459c-ad0b-25db449970a2;sub_1Q6wniAj6DZgTxNUwgGy8KTu
df6b7da1-993f-48b5-84da-a88a0f4c54a0;sub_1QWn8mAj6DZgTxNU8nj3UUao
dfbdeeee-7ac1-4dff-bb0b-50793db5cf04;sub_1QMFFpAj6DZgTxNUnd5eSfmg
e0292ad3-b240-4892-b52d-d3bf2bf100bf;sub_1RIFbIAj6DZgTxNUDGUZbWjw
e09d3be9-9cb9-48c1-a67f-903c151fe86b;sub_1QiOuqAj6DZgTxNUSdYumS4b
e0adcd4f-1ee7-4fd0-a4b2-5f85d59230a4;sub_1RTnQUAj6DZgTxNUZ1rBE9eH
e0d0992b-9b8a-410f-9fc1-c176fa53f98d;sub_1QQ4qNAj6DZgTxNUc5TbS4Ss
e0f3178e-7edf-4033-9e44-d72dbcebbd17;sub_1QB6kZAj6DZgTxNUnNCzfxZi
e1e4930a-ab3e-4158-a0ff-97667756f246;
e228d22e-f70d-4d46-bbd5-cedfae73bf28;sub_1R3gtaAj6DZgTxNUDHiYkeDP
e29b8870-03e1-4242-99f2-e63866294a49;sub_1RX2KsAj6DZgTxNUjRjagbIt
e2d46ef2-a945-4aa6-8ac0-0b1c2719a4cf;sub_1QyREoAj6DZgTxNUTD1nBlUv
e2d582bd-15bb-46b7-b4a8-de20951f3a10;sub_1QEP3tAj6DZgTxNUiq2gx9gx
e2e08a2c-93b0-49e4-b93c-69b89389e6c4;sub_1RC8NhAj6DZgTxNU4CrMl5Kj
e34a873b-b856-4326-88eb-96fa12a6611a;sub_1RPBXjAj6DZgTxNUtlPglEkt
e35e9907-2452-462e-b1af-3b11bb9c0b01;sub_1QULkCAj6DZgTxNUDFnh6EFH
e3cb0ba5-2358-4323-8f87-7244b9e27580;sub_1RXoNfAj6DZgTxNUesmCdR2T
e3dcb353-fb67-4801-ba8c-e362e31cdf38;
e3fa4e09-8f0d-4437-be43-ca96244dbd71;sub_1RLaSUAj6DZgTxNU85J0Z2sC
e40d2e22-b7ca-4a37-bbcc-c828c7d2c613;sub_1QISpVAj6DZgTxNU9MuTMDSF
e42dcc07-c6ba-4068-916c-3cc37c4069cb;sub_1RLDSTAj6DZgTxNUizRGz6DZ
e4558872-dafb-44ab-a728-943f0d929bf6;sub_1QUGabAj6DZgTxNUpyjBbfJK
e4a5eeb7-49af-428f-82ae-7e22f32dc197;sub_1RDw0jAj6DZgTxNULnDDWrfW
e4e41cb5-16be-45ef-93c4-54a8d566b491;sub_1QDT4aAj6DZgTxNU7jBSDNMf
e56a556a-5f86-40cd-a4a3-970e1e4a2d35;sub_1QVcxKAj6DZgTxNURMXjxkXH
e56a7b71-3642-425b-8a4f-2a92e3445798;sub_1RpnvvAj6DZgTxNUJdylGqnF
e5b8648b-b133-4efa-b308-e8b0897de79b;sub_1QwpwNAj6DZgTxNUq7hHvn8e
e5dcd519-b525-4aee-a811-9e2cc6197f10;sub_1RZC8YAj6DZgTxNUdosu5Cjt
e61c3ae5-4da2-4261-ba23-e08dbad9ce52;sub_1R5q2VAj6DZgTxNU8wuULzN6
e692f6b2-54fb-4931-998b-63b8effd8ae1;sub_1RrUUrAj6DZgTxNUaOFWyfbn
e693f078-ffba-49d1-9337-b33cf7210477;sub_1RlKWzAj6DZgTxNUb8SqIxXF
e7851f95-df0d-4cea-938d-5f8dd88716f0;sub_1QCmOQAj6DZgTxNU4sTHnt91
e7b0357e-2e4f-4762-9f8d-1954fd9af85e;sub_1QdJDrAj6DZgTxNUBIAKwGH9
e8743fac-f16a-4947-be2d-28fa4fe2845d;sub_1QuHaqAj6DZgTxNUwtnuOsqT
e9517627-f9c2-4004-9095-8ab4d6d97ce9;sub_1RqbMFAj6DZgTxNUPllNw7AA
e958e0e7-5175-45cb-9004-a665cfd48663;sub_1RjXt8Aj6DZgTxNUjo6xsjo4
e95b369a-fd44-4e95-a6df-973859f3b7ed;sub_1QZ4GhAj6DZgTxNUSA0Ate1N
e9909a36-ad73-4e27-9eba-4327cc8f4cd2;
ea1bbc49-4a34-44e2-afcd-0b5ca545cef5;sub_1QK6joAj6DZgTxNUeV0Ks8py
ea9099af-db74-4689-b9f0-f5a6b4b941e2;sub_1QRI7VAj6DZgTxNUZIaGPKbi
eadf9b9c-fec8-4a00-9133-eeaa4d273382;sub_1QjKa7Aj6DZgTxNU8kPb4iM6
eb2fb52b-9203-4c32-a309-6fa6afcca397;sub_1RT3GVAj6DZgTxNU8h9fdfnj
eb36f436-cf17-46cc-9e44-d43aac2314e8;
eb37b4a6-0d3c-4143-856c-16157d6dfae2;sub_1QZSW8Aj6DZgTxNUNDXwDePA
eb9dc63d-94d4-4c94-9471-2e72ed167a22;sub_1QxH1HAj6DZgTxNUWKst0aE4
ebb78fb3-b403-4401-9561-7c96a81ee490;sub_1QooDdAj6DZgTxNUYhVtYFaq
ebf27dcf-be16-4365-bf6e-9385bfe770c6;sub_1QxKOwAj6DZgTxNUkjCcrdyg
ec72e9e5-de3e-4480-9320-2a8abd6d2077;sub_1Qh6iBAj6DZgTxNUjHEitLL1
ecc1ab31-5a68-4366-8c7a-23b548ae2f80;sub_1RhJ09Aj6DZgTxNUpd5Ufnh2
ecfc2b2d-90e1-4976-a158-0b11f8344f63;sub_1R37msAj6DZgTxNUMqPcRNS9
ed0a15b0-c535-47a0-b580-258c2df90980;sub_1QTMTLAj6DZgTxNUGrU3aSZT
ed643435-c868-448e-ba46-df3ba66b2440;sub_1QrONvAj6DZgTxNUaLhonBxj
ed7adf67-fe36-425f-b2df-187d719fcc72;sub_1R3AD3Aj6DZgTxNUbJdLb47q
edebff78-53a0-4da9-aafd-eb454e1ccb50;sub_1RqUIrAj6DZgTxNUIISK79mJ
edef75bd-ff97-4fba-8384-8aa74627f9d7;sub_1RnuZhAj6DZgTxNU6jpTiYc7
ee03f5ea-f3da-497d-85c8-e3ec30704dd2;sub_1RVxEZAj6DZgTxNUdv6Nk9Bb
ee06cb8f-2da3-4e7d-9bc2-b2f28c19ac20;sub_1QC52bAj6DZgTxNUGlKJAs6f
ee70c31a-be49-47a4-a17e-6f41fa0f6871;sub_1RCRThAj6DZgTxNU4w4cq3QW
ee91688b-87fe-437e-88b2-7112ecc16fab;sub_1RsBBxAj6DZgTxNUWbOBB7zS
eead86ee-056a-432c-be6a-a21f1b957286;sub_1RMzdKAj6DZgTxNUJZXX3G0V
eec83be7-83eb-4699-b8f1-d5b6b8cc76f0;sub_1RBvHXAj6DZgTxNUUfxzWcfB
f028e1e4-afa4-4b76-8cee-3f966e9f34c3;sub_1Rp88PAj6DZgTxNU3qr9EHe6
f02e00e7-a50c-49a0-ad94-29c698c49b4d;sub_1QqLcpAj6DZgTxNUcGbSy8R0
f084b59e-3b0b-4268-98fe-a894a1778fe6;sub_1RgRtuAj6DZgTxNU0LbTfp90
f0af29df-2829-4e01-8f80-807ca77dd729;sub_1QqfJfAj6DZgTxNUQfZvQSPL
f0fa77aa-bb86-4a9b-a7d5-911266127585;sub_1Qsrt3Aj6DZgTxNUT0550Fbp
f14758c2-a79f-4166-9205-92f073e64b4c;sub_1QVIBeAj6DZgTxNUSxXeIwUY
f14aab3a-ebef-4912-a8d2-19b2e98c3798;sub_1R5W5VAj6DZgTxNUyJQZxqYE
f169e860-1ecf-4b96-8614-27943f95dea5;sub_1RFidPAj6DZgTxNUFodM9TdP
f1aab6cf-98e8-4281-831d-ae090418c5c8;sub_1REuvJAj6DZgTxNUzyrbYfzE
f1b787be-012b-46c4-bf3c-e592945ce9bb;sub_1QTgIyAj6DZgTxNUi34BvJMm
f239c1c4-0e32-4edf-9be9-5c931b028799;sub_1R8pUFAj6DZgTxNUUZP7tIRJ
f288138c-1065-46b7-afe2-c717fee4ab21;sub_1RHjnvAj6DZgTxNUUJITVD6f
f3039d21-179f-40db-b987-5694d0b0b483;sub_1R98hPAj6DZgTxNUu2oX3PDr
f31b170a-8045-45f5-b6b3-f60626a87eb5;sub_1QMFMUAj6DZgTxNULvie7pjr
f322ac16-8c0c-4451-bae5-4c497bc865e4;sub_1NpwwSAj6DZgTxNUHflMnwnG
f4075614-c4b7-4c0a-ba2a-a3ff34cc0cf2;sub_1RAfU4Aj6DZgTxNUv5dBFDNF
f55071ab-953a-4ab0-86e1-9739818f028b;sub_1R1XXcAj6DZgTxNUqgOtwNf2
f5d07b2d-2c2a-44d5-b2c0-e54ffc674cc3;sub_1RBvG3Aj6DZgTxNUbH5HOSfS
f5f444b7-4ebd-4f89-abf6-47251800d26a;sub_1RbicbAj6DZgTxNUOhfBrfjc
f6225149-575a-417b-89a4-5d51c0f648a7;sub_1RrQCtAj6DZgTxNUpXZRXR6P
f6a4ebe6-eb41-42a3-9347-790da3798833;sub_1QBAw3Aj6DZgTxNUXXfV2UNj
f6df25ca-1a5d-4144-a94c-2486dc41af56;sub_1RKSPGAj6DZgTxNU7zDivqLA
f71f3178-7b55-485d-a8b3-07a5388ae033;sub_1QkD0dAj6DZgTxNUph2WamB2
f7d12671-a624-42e3-99d3-ea34f5ddaaab;sub_1Qlq4tAj6DZgTxNUIxYAJibt
f7e4892e-7fd2-4f53-a4ad-e0ffef162aaa;sub_1RsCOLAj6DZgTxNUFRsF95TT
f841b73c-6e59-43b9-bc2f-a7e6f7dd01f8;sub_1QF6cgAj6DZgTxNU0MNHOFlf
f84a9696-de0d-47f8-bef3-6360c82d7587;sub_1R8UZVAj6DZgTxNUrIk7G6le
f8a4c99f-f9fc-4abb-9a91-87f400082f03;sub_1Qz2L6Aj6DZgTxNUuYiaNKWc
f8b70807-a7a9-4bf9-bf88-9235d984f4ec;sub_1QZwVcAj6DZgTxNURfQfn9T5
f9032cb3-28d3-4b44-a2b2-f751d9a1b761;sub_1Rif60Aj6DZgTxNUKCMKlLYW
f974f632-ed55-4300-9504-33e28b2aae44;sub_1Qr2xOAj6DZgTxNUvI1rm139
f9bc9d1d-4680-41c6-bf05-46ee0b10af09;
f9f127f0-9f4f-4e70-8f5f-fab7c0480627;sub_1QzIvzAj6DZgTxNUKW0QMQpF
fa2122ec-a967-47ef-8250-9b2d98c2d59f;sub_1QAYzZAj6DZgTxNUlQ7HWouY
fa5be6cd-460d-42ef-9559-67b8f715c849;sub_1Qj1h6Aj6DZgTxNUnKt0zeGl
fa7e8879-0f4e-4f3a-bb39-4c234da7dd86;sub_1RGdBwAj6DZgTxNUfhdCKlv4
fb07e402-a82a-407e-b8dd-db46ffe8ba03;sub_1RAcmQAj6DZgTxNUm0DiEFpf
fb1a2538-f72e-49dd-a846-d372927704db;sub_1RPGBYAj6DZgTxNULMV8JJsH
fb22b9b4-e7f5-4d19-bddf-100eef6513a7;sub_1QTvoLAj6DZgTxNUbYo2tBJW
fb2f1a28-8b9a-4bbd-82b3-67a7bd4051f4;
fb3a6aae-1b43-4256-8a5d-6a4615195ae1;sub_1QIRBzAj6DZgTxNUqSMFmqM7
fb63c515-a92a-4641-ad18-6d8a96c4fdec;sub_1QbuQuAj6DZgTxNUEHtjSYlT
fb843cfc-e0b8-4c00-972c-ea3bd96e15f7;sub_1QZxDYAj6DZgTxNUk2vNRkCw
fbe5873a-5878-41ea-a12b-c14f1f9edce0;sub_1RqQuRAj6DZgTxNUb2clHDQA
fbee0e6e-2d13-4127-9b6b-9a666836f68b;sub_1RDApxAj6DZgTxNUQe5TC2Qc
fc15b4d7-0000-4bf8-ae9e-ddaf8b49fa4e;sub_1RnTU9Aj6DZgTxNUQ7N2s4up
fc1f4240-60a5-46b7-ada3-599d48adc06c;sub_1QjOXGAj6DZgTxNUgFSbg869
fc347a08-8b0f-4fc3-80ad-12b68325f09e;sub_1Rmvb6Aj6DZgTxNU77kZ8HOE
fc543265-a318-4cae-827b-80573602348c;sub_1QnNboAj6DZgTxNUl2MW2nVl
fc991020-d744-4ea5-a229-2dc2020603be;sub_1RLPJQAj6DZgTxNU2rn4ncfP
fcbd478d-e58f-47fe-bbac-f1df778dffce;sub_1RpvCfAj6DZgTxNUDppDxqgU
fcc01b05-29ec-4416-8e86-7c7a9fbde35b;sub_1RNMbSAj6DZgTxNU9HayGbcO
fd12d7ff-9869-4196-afb8-479dfe3c2d17;sub_1Rr4EUAj6DZgTxNUxmOyMFYg
fd81229b-4e94-4eb6-89e0-7c80d4ee154c;sub_1Qfzp8Aj6DZgTxNUwdDzPQ1f
fdd785e5-75d8-48f5-9a19-d05fba1aaad4;
fdeb1add-1b0d-4a17-b20a-d2d11b144ae1;sub_1Qr6O7Aj6DZgTxNUFvtNI6b4
fe244b92-c0db-44b1-b027-ab7399c49771;sub_1QlmHnAj6DZgTxNU1IU9SC5Z
fe74362b-3f7d-4578-8922-06ada9633f1e;
fe80ef69-c8fe-4893-8fd5-70f3952ec6ff;
fea9f216-f580-460e-868c-bd7a3aff4aec;sub_1RmGsZAj6DZgTxNU4DW04bAE
fef267c6-6b86-4b99-9f22-b2bec2fbbe22;sub_1RB1T0Aj6DZgTxNUBj0YUIrx
ff0595df-70f1-45f8-a6cc-10694a718ceb;sub_1RDpXdAj6DZgTxNUYH59IDay
ff1d78a7-079b-446b-8c08-abdfec604aa8;sub_1R8Ov6Aj6DZgTxNUXpWQd2Ai
ff237651-4676-4340-8e67-174cb1f29314;sub_1Qu4HWAj6DZgTxNU7anSjnXr
ff7fe665-d605-4cd4-8984-8a6085d19d12;sub_1RHF7hAj6DZgTxNUqORY3lp0
fff65c04-ac78-44bb-9363-0c9bc61c1b74;sub_1RphvIAj6DZgTxNUN787kpQG
